date,dow,eurusd,gbpusd,gold,ust10y
2016-01-04,17148.94,1.0854,1.4737,1075.1,2.245
2016-01-05,17158.66,1.0828,1.4714,1078.4,2.248
2016-01-06,16906.51,1.0752,1.4674,1091.9,2.177
2016-01-07,16514.1,1.0779,1.463,1107.7,2.153
2016-01-08,16346.45,1.0926,1.4627,1097.8,2.13
2016-01-11,16398.57,1.0941,1.4525,1096.5,2.158
2016-01-12,16516.22,1.0858,1.4544,1085.6,2.102
2016-01-13,16151.41,1.0844,1.4436,1087.5,2.066
2016-01-14,16379.05,1.0886,1.4408,1073.9,2.098
2016-01-15,15988.08,1.0859,1.4427,1091.5,2.033
2016-01-19,16016.02,1.0895,1.4253,1089.9,2.035
2016-01-20,15766.74,1.0913,1.4182,1107.1,1.984
2016-01-21,15882.68,1.0877,1.4199,1099.1,2.019
2016-01-22,16093.51,1.0862,1.4227,1097.2,2.048
2016-01-25,15885.22,1.0799,1.426,1106.2,2.022
2016-01-26,16167.23,1.0853,1.4243,1121.7,1.994
2016-01-27,15944.46,1.0865,1.4343,1116.1,2.001
2016-01-28,16069.64,1.0908,1.4249,1115.6,1.985
2016-01-29,16466.3,1.0937,1.4362,1116.4,1.931
2016-02-01,16449.18,1.0826,1.4246,1127.9,1.966
2016-02-02,16153.54,1.0897,1.4428,1127.3,1.864
2016-02-03,16336.66,1.0922,1.4409,1141.3,1.881
2016-02-04,16416.58,1.1091,1.4586,1157.6,1.864
2016-02-05,16204.97,1.12,1.4581,1157.8,1.848
2016-02-08,16027.05,1.1145,1.4512,1197.9,1.735
2016-02-09,16014.38,1.119,1.4436,1198.7,1.729
2016-02-10,15914.74,1.129,1.4466,1194.7,1.705
2016-02-11,15660.18,1.1281,1.4526,1247.9,1.644
2016-02-12,15973.84,1.1318,1.4482,1239.1,1.748
2016-02-16,16196.41,1.1174,1.4459,1207.9,1.778
2016-02-17,16453.83,1.1147,1.4304,1211.1,1.819
2016-02-18,16413.43,1.1123,1.4282,1226.1,1.759
2016-02-19,16391.99,1.1111,1.4333,1230.4,1.748
2016-02-22,16620.66,1.1124,1.4266,1209.5,1.766
2016-02-23,16431.78,1.1028,1.4148,1222.3,1.745
2016-02-24,16484.99,1.1027,1.4013,1238.7,1.742
2016-02-25,16697.29,1.1014,1.393,1238.2,1.697
2016-02-26,16639.97,1.1025,1.3966,1219.8,1.762
2016-02-29,16516.5,1.0924,1.3862,1233.9,1.74
2016-03-01,16865.08,1.0889,1.3928,1230.3,1.834
2016-03-02,16899.32,1.0876,1.3964,1241.1,1.848
2016-03-03,16943.9,1.0869,1.4081,1257.4,1.83
2016-03-04,17006.77,1.0949,1.4175,1269.9,1.883
2016-03-07,17073.95,1.0994,1.4215,1263.2,1.902
2016-03-08,16964.1,1.1016,1.4261,1262.1,1.832
2016-03-09,17000.36,1.1004,1.4209,1256.6,1.892
2016-03-10,16995.13,1.0989,1.4207,1272.0,1.929
2016-03-11,17213.31,1.1178,1.4288,1258.7,1.977
2016-03-14,17229.13,1.1168,1.438,1244.4,1.963
2016-03-15,17251.53,1.1102,1.4282,1230.4,1.959
2016-03-16,17325.76,1.1109,1.4156,1229.3,1.938
2016-03-17,17481.49,1.1219,1.4255,1264.5,1.903
2016-03-18,17602.3,1.1318,1.4478,1253.8,1.871
2016-03-21,17623.87,1.1279,1.4468,1243.8,1.923
2016-03-22,17582.57,1.1236,1.437,1248.2,1.935
2016-03-23,17502.59,1.1223,1.4225,1223.7,1.875
2016-03-24,17515.73,1.1181,1.4117,1221.4,1.9
2016-03-28,17535.39,1.116,1.4131,1219.9,1.87
2016-03-29,17633.11,1.1203,1.4263,1235.6,1.814
2016-03-30,17716.66,1.1292,1.4386,1226.9,1.83
2016-03-31,17685.09,1.1335,1.4374,1234.2,1.786
2016-04-01,17792.75,1.138,1.4367,1222.2,1.792
2016-04-04,17737.0,1.139,1.4225,1218.0,1.779
2016-04-05,17603.32,1.1389,1.4265,1228.4,1.727
2016-04-06,17716.05,1.1382,1.4156,1222.5,1.755
2016-04-07,17541.96,1.1405,1.4138,1236.2,1.691
2016-04-08,17576.96,1.1374,1.4058,1242.5,1.72
2016-04-11,17556.41,1.1403,1.413,1256.7,1.724
2016-04-12,17721.25,1.1413,1.4234,1259.4,1.781
2016-04-13,17908.28,1.1385,1.4269,1246.8,1.762
2016-04-14,17926.43,1.1279,1.4192,1225.0,1.781
2016-04-15,17897.46,1.127,1.4146,1233.1,1.752
2016-04-18,18004.16,1.13,1.4174,1233.6,1.773
2016-04-19,18053.6,1.1309,1.429,1253.0,1.783
2016-04-20,18096.27,1.136,1.439,1253.2,1.854
2016-04-21,17982.52,1.1305,1.4339,1249.0,1.87
2016-04-22,18003.75,1.1292,1.4323,1228.7,1.888
2016-04-25,17977.24,1.1234,1.4447,1238.9,1.902
2016-04-26,17990.32,1.1269,1.4491,1242.2,1.931
2016-04-27,18041.55,1.1299,1.4577,1249.2,1.86
2016-04-28,17830.76,1.1329,1.4542,1265.5,1.838
2016-04-29,17773.64,1.1356,1.4611,1289.2,1.819
2016-05-02,17891.16,1.1463,1.4603,1294.7,1.865
2016-05-03,17750.91,1.1525,1.4666,1290.7,1.8
2016-05-04,17651.26,1.1504,1.4551,1273.3,1.784
2016-05-05,17660.71,1.1493,1.4507,1271.4,1.747
2016-05-06,17740.63,1.1406,1.4493,1292.9,1.779
2016-05-09,17705.91,1.1388,1.4431,1265.6,1.76
2016-05-10,17928.35,1.1388,1.4415,1263.9,1.76
2016-05-11,17711.12,1.1374,1.4451,1274.6,1.737
2016-05-12,17720.5,1.1427,1.4438,1270.3,1.757
2016-05-13,17535.32,1.1377,1.4445,1271.9,1.705
2016-05-16,17710.71,1.1317,1.4349,1273.4,1.753
2016-05-17,17529.98,1.1316,1.4447,1276.2,1.759
2016-05-18,17526.62,1.1316,1.4455,1273.7,1.88
2016-05-19,17435.4,1.1223,1.4596,1254.2,1.845
2016-05-20,17500.94,1.1206,1.4601,1252.4,1.849
2016-05-23,17492.93,1.1222,1.4491,1251.1,1.838
2016-05-24,17706.05,1.1216,1.4482,1228.9,1.859
2016-05-25,17851.51,1.1138,1.4613,1223.5,1.87
2016-05-26,17828.29,1.1159,1.4698,1220.1,1.823
2016-05-27,17873.22,1.1192,1.4665,1213.8,1.851
2016-05-31,17787.2,1.1148,1.4635,1214.8,1.834
2016-06-01,17789.67,1.1136,1.4482,1211.9,1.846
2016-06-02,17838.56,1.1189,1.4419,1209.8,1.811
2016-06-03,17807.06,1.1152,1.4405,1240.1,1.704
2016-06-06,17920.33,1.1351,1.4384,1244.6,1.723
2016-06-07,17938.28,1.1364,1.4459,1244.4,1.713
2016-06-08,18005.05,1.1358,1.4544,1259.8,1.706
2016-06-09,17985.19,1.1407,1.4518,1270.2,1.68
2016-06-10,17865.34,1.1315,1.4464,1273.4,1.639
2016-06-13,17732.48,1.124,1.4189,1284.4,1.616
2016-06-14,17674.82,1.1291,1.4207,1285.6,1.611
2016-06-15,17640.17,1.1213,1.4124,1285.8,1.596
2016-06-16,17733.1,1.1263,1.4196,1296.1,1.564
2016-06-17,17675.16,1.1252,1.4296,1292.5,1.618
2016-06-20,17804.87,1.1349,1.4586,1290.0,1.67
2016-06-21,17829.73,1.1323,1.4675,1270.5,1.697
2016-06-22,17780.83,1.1251,1.467,1268.0,1.685
2016-06-23,18011.07,1.1328,1.4789,1261.2,1.739
2016-06-24,17400.75,1.1324,1.4558,1320.0,1.579
2016-06-27,17140.24,1.1036,1.3451,1322.5,1.46
2016-06-28,17409.72,1.1015,1.3235,1315.3,1.461
2016-06-29,17694.68,1.1074,1.3351,1323.9,1.477
2016-06-30,17929.99,1.1128,1.3466,1318.4,1.488
2016-07-01,17949.37,1.1106,1.3329,1336.7,1.456
2016-07-05,17840.62,1.1146,1.328,1356.4,1.367
2016-07-06,17918.62,1.1065,1.2958,1364.9,1.385
2016-07-07,17895.88,1.1099,1.2926,1360.1,1.387
2016-07-08,18146.74,1.1066,1.2916,1356.6,1.366
2016-07-11,18226.93,1.1044,1.2946,1355.0,1.434
2016-07-12,18347.67,1.1058,1.2981,1334.1,1.513
2016-07-13,18372.12,1.1063,1.3278,1342.4,1.468
2016-07-14,18506.41,1.1095,1.312,1331.3,1.531
2016-07-15,18516.55,1.1106,1.3358,1326.5,1.594
2016-07-18,18533.05,1.1053,1.323,1328.4,1.587
2016-07-19,18559.01,1.1072,1.3269,1331.5,1.558
2016-07-20,18595.03,1.1014,1.3108,1318.8,1.58
2016-07-21,18517.23,1.102,1.3265,1330.5,1.565
2016-07-22,18570.85,1.1033,1.3246,1323.1,1.57
2016-07-25,18493.06,1.097,1.313,1319.3,1.571
2016-07-26,18473.75,1.0991,1.3108,1320.7,1.563
2016-07-27,18472.17,1.0988,1.3153,1326.6,1.515
2016-07-28,18456.35,1.1073,1.3238,1332.3,1.511
2016-07-29,18432.24,1.1084,1.3162,1349.0,1.458
2016-08-01,18404.51,1.1168,1.3216,1351.4,1.496
2016-08-02,18313.77,1.1168,1.3185,1364.4,1.537
2016-08-03,18355.0,1.1219,1.3338,1356.1,1.542
2016-08-04,18352.05,1.1152,1.3328,1358.8,1.503
2016-08-05,18543.53,1.1135,1.3129,1336.4,1.582
2016-08-08,18529.29,1.109,1.3086,1333.4,1.583
2016-08-09,18533.05,1.1084,1.3032,1339.0,1.545
2016-08-10,18495.66,1.1116,1.3007,1344.3,1.509
2016-08-11,18613.52,1.1186,1.302,1342.5,1.573
2016-08-12,18576.47,1.1139,1.2955,1335.8,1.515
2016-08-15,18636.05,1.1167,1.291,1340.3,1.553
2016-08-16,18552.02,1.1184,1.2883,1350.5,1.576
2016-08-17,18573.94,1.1276,1.3034,1342.7,1.561
2016-08-18,18597.7,1.1299,1.3045,1351.2,1.536
2016-08-19,18552.57,1.1349,1.3167,1340.4,1.578
2016-08-22,18529.42,1.1298,1.3056,1337.7,1.539
2016-08-23,18547.3,1.1319,1.3137,1340.6,1.553
2016-08-24,18481.48,1.1301,1.3196,1324.4,1.559
2016-08-25,18448.41,1.1264,1.3235,1320.1,1.577
2016-08-26,18395.4,1.1291,1.3194,1321.5,1.635
2016-08-29,18502.99,1.1199,1.3129,1322.9,1.566
2016-08-30,18454.3,1.1193,1.3108,1311.7,1.57
2016-08-31,18400.88,1.1153,1.3091,1306.9,1.568
2016-09-01,18419.3,1.1161,1.3134,1312.2,1.57
2016-09-02,18491.96,1.1201,1.3275,1322.1,1.596
2016-09-06,18538.12,1.1153,1.3314,1349.4,1.543
2016-09-07,18526.14,1.1254,1.3421,1344.3,1.541
2016-09-08,18479.91,1.1241,1.3339,1336.8,1.616
2016-09-09,18085.45,1.1271,1.331,1330.1,1.672
2016-09-12,18325.07,1.1241,1.3273,1321.0,1.672
2016-09-13,18066.75,1.1244,1.3339,1319.0,1.734
2016-09-14,18034.77,1.1219,1.3194,1321.5,1.689
2016-09-15,18212.48,1.1247,1.3264,1313.5,1.703
2016-09-16,18123.8,1.1246,1.3248,1305.8,1.701
2016-09-19,18120.17,1.1158,1.3016,1313.5,1.696
2016-09-20,18129.96,1.1181,1.3045,1313.7,1.688
2016-09-21,18293.7,1.1154,1.2985,1326.9,1.668
2016-09-22,18392.46,1.1193,1.3036,1340.4,1.632
2016-09-23,18261.45,1.121,1.3087,1337.2,1.615
2016-09-26,18094.83,1.1239,1.2979,1339.7,1.589
2016-09-27,18228.3,1.125,1.297,1325.9,1.556
2016-09-28,18339.24,1.122,1.3012,1319.4,1.567
2016-09-29,18143.45,1.1225,1.304,1321.7,1.557
2016-09-30,18308.15,1.122,1.2963,1313.3,1.608
2016-10-03,18253.85,1.1235,1.2932,1309.0,1.622
2016-10-04,18168.45,1.121,1.2849,1266.3,1.683
2016-10-05,18281.03,1.1211,1.2732,1265.2,1.716
2016-10-06,18268.5,1.1208,1.2755,1249.8,1.742
2016-10-07,18240.49,1.1145,1.2402,1248.9,1.736
2016-10-10,18329.04,1.1197,1.2435,1248.9,1.736
2016-10-11,18128.66,1.1141,1.2341,1253.0,1.759
2016-10-12,18144.2,1.1062,1.2279,1251.1,1.778
2016-10-13,18098.94,1.1012,1.2188,1255.0,1.738
2016-10-14,18138.38,1.105,1.2222,1253.1,1.794
2016-10-17,18086.4,1.0968,1.2183,1254.4,1.766
2016-10-18,18161.94,1.1016,1.2219,1260.8,1.749
2016-10-19,18202.62,1.0977,1.2305,1267.9,1.752
2016-10-20,18162.35,1.0975,1.229,1265.6,1.747
2016-10-21,18145.71,1.093,1.2256,1265.9,1.74
2016-10-24,18223.03,1.0883,1.2219,1262.0,1.763
2016-10-25,18169.27,1.0875,1.2217,1271.9,1.758
2016-10-26,18199.33,1.0887,1.2176,1264.8,1.79
2016-10-27,18169.68,1.0912,1.2235,1267.9,1.843
2016-10-28,18161.19,1.09,1.2171,1275.5,1.845
2016-10-31,18142.42,1.0985,1.2216,1271.5,1.834
2016-11-01,18037.1,1.0973,1.2237,1286.4,1.82
2016-11-02,17959.64,1.1057,1.2239,1306.8,1.799
2016-11-03,17930.67,1.1098,1.2305,1302.1,1.812
2016-11-04,17888.28,1.1102,1.2469,1303.3,1.783
2016-11-07,18259.6,1.1101,1.2489,1278.3,1.828
2016-11-08,18332.74,1.1052,1.2399,1273.4,1.862
2016-11-09,18589.69,1.1019,1.2389,1272.6,2.072
2016-11-10,18807.88,1.0921,1.2421,1265.5,2.117
2016-11-11,18847.66,1.089,1.2553,1265.5,2.117
2016-11-14,18868.69,1.0825,1.2574,1221.2,2.222
2016-11-15,18923.06,1.075,1.252,1224.0,2.238
2016-11-16,18868.14,1.0727,1.2456,1223.4,2.223
2016-11-17,18903.82,1.0707,1.2442,1216.5,2.276
2016-11-18,18867.93,1.0623,1.241,1208.5,2.335
2016-11-21,18956.69,1.0584,1.2324,1209.6,2.339
2016-11-22,19023.87,1.0639,1.2494,1211.0,2.321
2016-11-23,19083.18,1.0634,1.2424,1189.1,2.357
2016-11-25,19152.14,1.0562,1.2453,1178.2,2.372
2016-11-28,19097.9,1.0612,1.2481,1190.6,2.32
2016-11-29,19121.6,1.0621,1.2412,1187.9,2.302
2016-11-30,19123.58,1.0648,1.2492,1170.8,2.368
2016-12-01,19191.93,1.0592,1.2517,1166.9,2.441
2016-12-02,19170.42,1.0663,1.259,1175.1,2.39
2016-12-05,19216.24,1.0582,1.2668,1174.0,2.387
2016-12-06,19251.78,1.0757,1.2728,1167.6,2.396
2016-12-07,19549.62,1.072,1.2671,1175.0,2.347
2016-12-08,19614.81,1.0762,1.2628,1169.8,2.387
2016-12-09,19756.85,1.0621,1.2585,1159.4,2.464
2016-12-12,19796.43,1.0547,1.2598,1163.5,2.479
2016-12-13,19911.21,1.0642,1.2676,1156.7,2.481
2016-12-14,19792.53,1.0629,1.2663,1161.3,2.525
2016-12-15,19852.24,1.0514,1.2538,1127.8,2.58
2016-12-16,19843.41,1.0419,1.2424,1135.3,2.597
2016-12-19,19883.06,1.045,1.2489,1140.5,2.542
2016-12-20,19974.62,1.0406,1.239,1131.5,2.568
2016-12-21,19941.96,1.039,1.2366,1131.1,2.546
2016-12-22,19918.88,1.0429,1.2355,1128.8,2.553
2016-12-23,19933.81,1.0438,1.2285,1131.9,2.543
2016-12-27,19945.04,1.0457,1.2276,1137.3,2.563
2016-12-28,19833.68,1.0462,1.2276,1139.4,2.506
2016-12-29,19819.78,1.0417,1.2225,1156.4,2.477
2016-12-30,19762.6,1.0575,1.2288,1150.0,2.446
2017-01-03,19881.76,1.046,1.2282,1160.4,2.45
2017-01-04,19942.16,1.042,1.2246,1163.8,2.452
2017-01-05,19899.29,1.0501,1.2327,1179.7,2.368
2017-01-06,19963.8,1.0606,1.2425,1171.9,2.418
2017-01-09,19887.38,1.0532,1.2261,1183.5,2.376
2017-01-10,19855.53,1.0589,1.2173,1184.2,2.379
2017-01-11,19954.28,1.0552,1.2174,1195.6,2.37
2017-01-12,19891.0,1.0598,1.2214,1198.9,2.361
2017-01-13,19885.73,1.0617,1.2165,1195.3,2.38
2017-01-17,19826.77,1.0603,1.204,1212.0,2.327
2017-01-18,19804.72,1.0697,1.2388,1211.3,2.389
2017-01-19,19732.4,1.0628,1.226,1200.9,2.459
2017-01-20,19827.25,1.066,1.2338,1204.3,2.467
2017-01-23,19799.85,1.0714,1.2387,1215.0,2.403
2017-01-24,19912.71,1.0761,1.2517,1210.3,2.471
2017-01-25,20068.51,1.0729,1.2533,1197.3,2.523
2017-01-26,20100.91,1.0752,1.2634,1189.5,2.508
2017-01-27,20093.78,1.0683,1.2595,1188.1,2.481
2017-01-30,19971.13,1.0714,1.2592,1193.2,2.483
2017-01-31,19864.09,1.0709,1.25,1208.6,2.451
2017-02-01,19890.94,1.0804,1.259,1205.6,2.474
2017-02-02,19884.91,1.0767,1.2661,1216.7,2.47
2017-02-03,20071.46,1.0762,1.252,1218.5,2.491
2017-02-06,20052.42,1.0783,1.2484,1230.0,2.413
2017-02-07,20090.29,1.0743,1.2468,1234.2,2.389
2017-02-08,20054.34,1.0678,1.2496,1237.6,2.351
2017-02-09,20172.4,1.0692,1.2528,1235.1,2.395
2017-02-10,20269.37,1.0659,1.2498,1234.4,2.409
2017-02-13,20412.16,1.062,1.2485,1224.4,2.434
2017-02-14,20504.41,1.0598,1.2523,1223.9,2.47
2017-02-15,20611.86,1.0578,1.247,1231.7,2.502
2017-02-16,20619.77,1.0607,1.247,1240.0,2.45
2017-02-17,20624.05,1.0672,1.2489,1237.6,2.425
2017-02-21,20743.0,1.0609,1.2473,1237.5,2.427
2017-02-22,20775.6,1.0542,1.2487,1232.0,2.418
2017-02-23,20810.32,1.0554,1.2454,1250.2,2.388
2017-02-24,20821.76,1.0584,1.2556,1256.9,2.317
2017-02-27,20837.44,1.0553,1.24,1257.4,2.369
2017-02-28,20812.24,1.0584,1.2439,1252.6,2.358
2017-03-01,21115.55,1.0569,1.2378,1248.9,2.463
2017-03-02,21002.97,1.0536,1.2272,1231.9,2.489
2017-03-03,21005.71,1.051,1.2275,1225.5,2.492
2017-03-06,20954.34,1.062,1.23,1224.5,2.494
2017-03-07,20924.76,1.0579,1.2243,1215.1,2.511
2017-03-08,20855.73,1.057,1.2205,1208.5,2.552
2017-03-09,20858.19,1.0547,1.2177,1202.4,2.598
2017-03-10,20902.98,1.0578,1.2157,1200.7,2.582
2017-03-13,20881.48,1.069,1.2171,1202.4,2.608
2017-03-14,20837.37,1.0651,1.2206,1201.9,2.595
2017-03-15,20950.1,1.0612,1.2157,1200.1,2.508
2017-03-16,20934.55,1.0738,1.2284,1226.5,2.522
2017-03-17,20914.62,1.0775,1.2351,1229.8,2.501
2017-03-20,20905.86,1.0743,1.2385,1233.6,2.473
2017-03-21,20668.01,1.0738,1.2367,1246.1,2.436
2017-03-22,20661.3,1.0812,1.2482,1249.3,2.396
2017-03-23,20656.58,1.079,1.2475,1246.9,2.418
2017-03-24,20596.72,1.0784,1.2519,1248.2,2.4
2017-03-27,20550.98,1.085,1.2515,1255.4,2.373
2017-03-28,20701.5,1.0861,1.2558,1255.3,2.409
2017-03-29,20659.32,1.0818,1.2421,1253.4,2.386
2017-03-30,20728.49,1.076,1.244,1245.0,2.416
2017-03-31,20663.22,1.0687,1.2478,1247.3,2.396
2017-04-03,20650.21,1.0669,1.2541,1250.8,2.35
2017-04-04,20689.24,1.067,1.2492,1255.0,2.35
2017-04-05,20648.15,1.068,1.244,1245.4,2.357
2017-04-06,20662.95,1.0672,1.2489,1250.3,2.343
2017-04-07,20656.1,1.0645,1.2469,1254.3,2.373
2017-04-10,20658.02,1.0582,1.2375,1251.1,2.361
2017-04-11,20651.3,1.0598,1.2425,1271.2,2.298
2017-04-12,20591.86,1.0611,1.2492,1275.3,2.296
2017-04-13,20453.25,1.0671,1.255,1285.9,2.232
2017-04-17,20636.92,1.0611,1.2535,1289.4,2.252
2017-04-18,20523.28,1.0645,1.2558,1291.7,2.179
2017-04-19,20404.49,1.0729,1.2845,1281.4,2.202
2017-04-20,20578.71,1.0715,1.2782,1281.9,2.241
2017-04-21,20547.76,1.0715,1.2802,1287.4,2.237
2017-04-24,20763.89,1.0874,1.2826,1275.8,2.273
2017-04-25,20996.12,1.0865,1.2777,1265.6,2.327
2017-04-26,20975.09,1.0928,1.2832,1262.1,2.311
2017-04-27,20981.33,1.0909,1.2848,1263.7,2.296
2017-04-28,20940.51,1.0864,1.2894,1266.1,2.282
2017-05-01,20913.46,1.0908,1.2932,1253.3,2.325
2017-05-02,20949.89,1.0909,1.2897,1255.1,2.296
2017-05-03,20957.9,1.0936,1.2942,1246.4,2.309
2017-05-04,20951.47,1.0889,1.2872,1226.5,2.356
2017-05-05,21006.94,1.0982,1.2925,1224.8,2.352
2017-05-08,21012.28,1.0965,1.2966,1225.3,2.376
2017-05-09,20975.78,1.0928,1.2943,1214.3,2.407
2017-05-10,20943.11,1.0887,1.2949,1217.3,2.414
2017-05-11,20919.42,1.0871,1.2931,1222.7,2.4
2017-05-12,20896.61,1.0865,1.2892,1226.2,2.335
2017-05-15,20981.94,1.0927,1.2887,1228.6,2.338
2017-05-16,20979.75,1.0982,1.2903,1235.0,2.329
2017-05-17,20606.93,1.1094,1.2917,1257.5,2.216
2017-05-18,20663.02,1.1156,1.297,1251.7,2.233
2017-05-19,20804.84,1.1114,1.2958,1252.7,2.245
2017-05-22,20894.83,1.1205,1.3012,1260.7,2.254
2017-05-23,20937.91,1.1239,1.2995,1254.8,2.285
2017-05-24,21012.42,1.1179,1.2957,1252.4,2.266
2017-05-25,21082.95,1.1231,1.298,1255.8,2.255
2017-05-26,21080.28,1.1211,1.2933,1267.6,2.25
2017-05-30,21029.47,1.1129,1.2814,1262.1,2.217
2017-05-31,21008.65,1.1172,1.2809,1272.0,2.196
2017-06-01,21144.18,1.1244,1.2875,1267.0,2.217
2017-06-02,21206.29,1.1216,1.2888,1276.8,2.159
2017-06-05,21184.04,1.1281,1.287,1279.3,2.182
2017-06-06,21136.23,1.1257,1.2907,1294.4,2.147
2017-06-07,21173.69,1.1271,1.2907,1290.1,2.178
2017-06-08,21182.53,1.1255,1.2962,1276.3,2.194
2017-06-09,21271.97,1.1185,1.2723,1268.5,2.199
2017-06-12,21235.67,1.1202,1.2739,1266.1,2.213
2017-06-13,21328.47,1.1196,1.267,1265.8,2.207
2017-06-14,21374.56,1.1209,1.2751,1272.8,2.138
2017-06-15,21359.9,1.1216,1.2754,1252.2,2.162
2017-06-16,21384.28,1.1147,1.2758,1254.0,2.157
2017-06-19,21528.99,1.1208,1.278,1244.2,2.19
2017-06-20,21467.14,1.1145,1.2732,1241.0,2.153
2017-06-21,21410.03,1.1137,1.2632,1243.4,2.155
2017-06-22,21397.29,1.1167,1.2676,1247.6,2.153
2017-06-23,21394.76,1.115,1.2678,1256.2,2.144
2017-06-26,21409.55,1.1199,1.2743,1246.3,2.137
2017-06-27,21310.66,1.1184,1.2725,1246.4,2.198
2017-06-28,21454.61,1.1339,1.2813,1248.0,2.221
2017-06-29,21287.03,1.1383,1.2941,1244.2,2.267
2017-06-30,21349.63,1.1442,1.3011,1240.7,2.302
2017-07-03,21479.27,1.1423,1.3016,1240.7,2.302
2017-07-05,21478.17,1.136,1.2935,1220.4,2.334
2017-07-06,21320.04,1.1347,1.2932,1222.2,2.37
2017-07-07,21414.34,1.1425,1.2974,1208.6,2.393
2017-07-10,21408.52,1.1404,1.2891,1212.1,2.371
2017-07-11,21409.07,1.1404,1.2891,1213.6,2.362
2017-07-12,21532.14,1.1474,1.286,1218.1,2.327
2017-07-13,21553.09,1.1419,1.2894,1216.3,2.348
2017-07-14,21637.74,1.1404,1.2947,1226.6,2.319
2017-07-17,21629.72,1.1475,1.3111,1232.8,2.309
2017-07-18,21574.73,1.1474,1.3053,1241.1,2.263
2017-07-19,21640.75,1.155,1.3039,1241.2,2.268
2017-07-20,21611.78,1.1528,1.3033,1244.8,2.266
2017-07-21,21580.07,1.1629,1.2965,1254.3,2.232
2017-07-24,21513.17,1.1682,1.3005,1253.9,2.254
2017-07-25,21613.43,1.1639,1.3031,1251.7,2.326
2017-07-26,21711.01,1.1645,1.3028,1249.0,2.282
2017-07-27,21796.55,1.1728,1.3115,1259.6,2.31
2017-07-28,21830.31,1.1689,1.3077,1268.4,2.289
2017-07-31,21891.12,1.1747,1.3145,1266.6,2.292
2017-08-01,21963.92,1.1824,1.3195,1272.6,2.251
2017-08-02,22016.24,1.1811,1.3208,1271.8,2.262
2017-08-03,22026.1,1.1851,1.3228,1267.8,2.228
2017-08-04,22092.81,1.1885,1.3144,1258.3,2.267
2017-08-07,22118.42,1.1778,1.3047,1258.2,2.257
2017-08-08,22085.34,1.1801,1.3038,1256.4,2.283
2017-08-09,22048.7,1.1755,1.2986,1273.0,2.241
2017-08-10,21844.01,1.1762,1.3014,1283.7,2.212
2017-08-11,21858.32,1.177,1.2977,1287.7,2.189
2017-08-14,21993.71,1.1825,1.3006,1284.2,2.219
2017-08-15,21998.99,1.1776,1.2965,1273.7,2.266
2017-08-16,22024.87,1.1741,1.2867,1276.9,2.226
2017-08-17,21750.73,1.1774,1.2892,1286.4,2.199
2017-08-18,21674.51,1.1716,1.2865,1285.7,2.194
2017-08-21,21703.75,1.1756,1.2874,1290.8,2.18
2017-08-22,21899.89,1.1812,1.2898,1285.1,2.215
2017-08-23,21812.09,1.1762,1.2824,1288.9,2.171
2017-08-24,21783.4,1.1817,1.2804,1286.5,2.194
2017-08-25,21813.67,1.1802,1.2804,1292.5,2.169
2017-08-28,21808.4,1.1952,1.2905,1309.7,2.159
2017-08-29,21865.37,1.1964,1.2927,1313.1,2.136
2017-08-30,21892.43,1.197,1.2927,1308.1,2.143
2017-08-31,21948.1,1.1893,1.2921,1316.2,2.121
2017-09-01,21987.56,1.191,1.2942,1324.5,2.157
2017-09-05,21753.31,1.1893,1.2924,1339.2,2.07
2017-09-06,21807.64,1.1924,1.3041,1333.9,2.108
2017-09-07,21784.78,1.1928,1.305,1345.1,2.061
2017-09-08,21797.79,1.2029,1.3105,1346.0,2.061
2017-09-11,22057.37,1.2018,1.3198,1331.0,2.125
2017-09-12,22118.86,1.1959,1.317,1328.0,2.171
2017-09-13,22158.18,1.1975,1.3289,1323.4,2.195
2017-09-14,22203.48,1.1891,1.3206,1324.7,2.197
2017-09-15,22268.34,1.1922,1.3399,1320.4,2.202
2017-09-18,22331.35,1.1937,1.3575,1306.3,2.229
2017-09-19,22370.8,1.1959,1.3517,1306.2,2.243
2017-09-20,22412.59,1.1993,1.3515,1312.0,2.277
2017-09-21,22359.23,1.1872,1.349,1290.6,2.278
2017-09-22,22349.59,1.1946,1.358,1293.3,2.262
2017-09-25,22296.09,1.1927,1.3507,1306.8,2.22
2017-09-26,22284.32,1.1856,1.3478,1297.0,2.229
2017-09-27,22340.71,1.1786,1.3448,1283.4,2.309
2017-09-28,22381.2,1.175,1.3399,1285.5,2.309
2017-09-29,22405.09,1.1782,1.343,1281.5,2.326
2017-10-02,22557.6,1.1807,1.3394,1272.7,2.337
2017-10-03,22641.67,1.1734,1.3276,1271.5,2.334
2017-10-04,22661.64,1.1748,1.3241,1273.7,2.33
2017-10-05,22775.39,1.1757,1.3233,1269.9,2.35
2017-10-06,22773.67,1.1712,1.3113,1271.6,2.37
2017-10-09,22761.07,1.1742,1.3084,1281.8,2.361
2017-10-10,22830.68,1.1742,1.3144,1290.6,2.345
2017-10-11,22872.89,1.1815,1.3211,1285.8,2.345
2017-10-12,22841.01,1.1865,1.324,1293.3,2.323
2017-10-13,22871.72,1.1832,1.3264,1301.5,2.28
2017-10-16,22956.96,1.1814,1.3289,1299.9,2.307
2017-10-17,22997.44,1.1795,1.3253,1283.0,2.298
2017-10-18,23157.6,1.1772,1.3195,1279.9,2.339
2017-10-19,23163.04,1.1795,1.3213,1286.9,2.321
2017-10-20,23328.63,1.1848,1.3151,1277.4,2.381
2017-10-23,23273.96,1.1754,1.319,1277.7,2.376
2017-10-24,23441.76,1.1759,1.3207,1275.0,2.406
2017-10-25,23329.46,1.1759,1.3132,1275.4,2.444
2017-10-26,23400.86,1.1821,1.3274,1266.3,2.452
2017-10-27,23434.19,1.1637,1.313,1268.5,2.428
2017-10-30,23348.74,1.1605,1.3134,1274.1,2.37
2017-10-31,23377.24,1.1653,1.3212,1267.0,2.376
2017-11-01,23435.01,1.1652,1.3292,1274.1,2.376
2017-11-02,23516.26,1.1629,1.3255,1274.9,2.347
2017-11-03,23539.19,1.1662,1.3053,1266.5,2.343
2017-11-06,23548.42,1.1615,1.308,1279.4,2.32
2017-11-07,23557.23,1.1613,1.3175,1273.7,2.307
2017-11-08,23563.36,1.1601,1.3172,1281.6,2.325
2017-11-09,23461.94,1.1597,1.3113,1285.6,2.331
2017-11-10,23422.21,1.1647,1.3144,1272.4,2.4
2017-11-13,23439.7,1.1661,1.312,1277.3,2.4
2017-11-14,23409.47,1.1665,1.3123,1281.5,2.381
2017-11-15,23271.28,1.1793,1.3158,1276.5,2.335
2017-11-16,23458.36,1.1793,1.3158,1277.4,2.361
2017-11-17,23358.24,1.1777,1.32,1295.8,2.354
2017-11-20,23430.33,1.1732,1.3203,1274.6,2.372
2017-11-21,23590.83,1.1741,1.3245,1281.1,2.363
2017-11-22,23526.18,1.1737,1.3246,1291.6,2.322
2017-11-24,23557.99,1.1854,1.3307,1291.6,2.322
2017-11-27,23580.78,1.1926,1.3324,1293.8,2.328
2017-11-28,23836.71,1.1905,1.3322,1294.7,2.338
2017-11-29,23940.68,1.1848,1.3365,1282.1,2.376
2017-11-30,24272.35,1.1852,1.3417,1273.2,2.417
2017-12-01,24231.59,1.1898,1.353,1278.8,2.362
2017-12-04,24290.05,1.186,1.3494,1274.3,2.379
2017-12-05,24180.64,1.1868,1.3475,1261.6,2.356
2017-12-06,24140.91,1.1833,1.3415,1262.8,2.33
2017-12-07,24211.48,1.1804,1.3392,1249.8,2.376
2017-12-08,24329.16,1.1772,1.3484,1245.2,2.383
2017-12-11,24386.03,1.177,1.3392,1243.7,2.385
2017-12-12,24504.8,1.1778,1.3349,1238.5,2.403
2017-12-13,24585.43,1.1743,1.3319,1245.4,2.349
2017-12-14,24508.66,1.1836,1.341,1253.8,2.346
2017-12-15,24651.74,1.1775,1.3433,1254.3,2.355
2017-12-18,24792.2,1.1744,1.3317,1262.2,2.392
2017-12-19,24754.75,1.1784,1.3381,1260.7,2.463
2017-12-20,24726.65,1.1841,1.3387,1266.1,2.497
2017-12-21,24782.29,1.1878,1.3372,1267.3,2.481
2017-12-22,24754.06,1.1857,1.338,1275.4,2.485
2017-12-26,24746.21,1.1873,1.3376,1284.1,2.467
2017-12-27,24774.3,1.1858,1.3375,1287.0,2.414
2017-12-28,24837.51,1.1901,1.3404,1294.1,2.432
2017-12-29,24719.22,1.1942,1.3441,1306.3,2.405
2018-01-02,24824.01,1.2012,1.3511,1313.7,2.465
2018-01-03,24922.68,1.2063,1.3596,1316.2,2.447
2018-01-04,25075.13,1.201,1.3511,1319.4,2.453
2018-01-05,25295.87,1.2069,1.3553,1320.3,2.476
2018-01-08,25283.0,1.2037,1.3576,1318.6,2.48
2018-01-09,25385.8,1.197,1.3571,1311.7,2.546
2018-01-10,25369.13,1.1929,1.3532,1317.4,2.55
2018-01-11,25574.73,1.1956,1.3513,1320.6,2.531
2018-01-12,25803.19,1.2042,1.3542,1333.4,2.552
2018-01-16,25792.86,1.2268,1.3798,1335.4,2.544
2018-01-17,26115.65,1.2271,1.3799,1338.0,2.578
2018-01-18,26017.81,1.2184,1.3828,1326.0,2.611
2018-01-19,26071.72,1.2237,1.3895,1331.9,2.637
2018-01-22,26214.6,1.2255,1.3892,1330.9,2.665
2018-01-23,26210.81,1.2256,1.3985,1335.7,2.624
2018-01-24,26252.12,1.231,1.4017,1355.9,2.654
2018-01-25,26392.79,1.2391,1.4221,1362.4,2.621
2018-01-26,26616.71,1.2392,1.415,1351.6,2.662
2018-01-29,26439.48,1.2428,1.4149,1351.6,2.699
2018-01-30,26076.89,1.2381,1.4077,1335.4,2.726
2018-01-31,26149.39,1.241,1.4156,1339.0,2.72
2018-02-01,26186.71,1.2419,1.4201,1344.3,2.773
2018-02-02,25520.96,1.251,1.4267,1333.7,2.854
2018-02-05,24345.75,1.2447,1.4111,1333.0,2.794
2018-02-06,24912.77,1.2368,1.3944,1326.1,2.768
2018-02-07,24893.35,1.2381,1.3959,1311.6,2.844
2018-02-08,23860.46,1.2268,1.3879,1316.9,2.851
2018-02-09,24190.9,1.2261,1.3935,1313.1,2.829
2018-02-12,24601.27,1.2253,1.3827,1324.2,2.857
2018-02-13,24640.45,1.2304,1.3852,1328.1,2.84
2018-02-14,24893.49,1.2354,1.3887,1355.5,2.913
2018-02-15,25200.37,1.2467,1.4016,1352.1,2.891
2018-02-16,25219.38,1.2504,1.4104,1353.2,2.877
2018-02-20,24964.75,1.2399,1.3993,1328.8,2.893
2018-02-21,24797.78,1.2335,1.4001,1330.0,2.943
2018-02-22,24962.48,1.2282,1.391,1330.6,2.917
2018-02-23,25309.99,1.2327,1.3953,1328.2,2.871
2018-02-26,25709.27,1.2287,1.3968,1330.7,2.859
2018-02-27,25410.03,1.2316,1.3966,1315.5,2.908
2018-02-28,25029.2,1.223,1.3906,1315.5,2.868
2018-03-01,24608.98,1.2191,1.3754,1302.9,2.804
2018-03-02,24538.06,1.2271,1.3775,1321.1,2.857
2018-03-05,24874.76,1.2315,1.3795,1318.1,2.881
2018-03-06,24884.12,1.2337,1.3852,1333.6,2.877
2018-03-07,24801.36,1.2417,1.39,1326.0,2.883
2018-03-08,24895.21,1.2415,1.3906,1319.9,2.866
2018-03-09,25335.74,1.2307,1.3806,1322.4,2.894
2018-03-12,25178.61,1.2309,1.3855,1319.4,2.87
2018-03-13,25007.03,1.234,1.3908,1325.9,2.848
2018-03-14,24758.12,1.2392,1.3972,1324.4,2.817
2018-03-15,24873.66,1.2376,1.3972,1316.8,2.826
2018-03-16,24946.51,1.2309,1.3939,1311.3,2.848
2018-03-19,24610.91,1.2281,1.3943,1316.8,2.845
2018-03-20,24727.27,1.2337,1.4025,1311.1,2.879
2018-03-21,24682.31,1.2252,1.4005,1320.7,2.907
2018-03-22,23957.89,1.2348,1.4146,1326.6,2.832
2018-03-23,23533.2,1.2325,1.4115,1349.3,2.83
2018-03-26,24202.6,1.2354,1.4148,1354.4,2.843
2018-03-27,23857.71,1.2457,1.4239,1341.3,2.786
2018-03-28,23848.42,1.2408,1.4176,1324.2,2.775
2018-03-29,24103.11,1.231,1.408,1322.8,2.741
2018-04-02,23644.19,1.2314,1.4038,1342.1,2.732
2018-04-03,24033.36,1.2293,1.4047,1332.8,2.784
2018-04-04,24264.3,1.2279,1.4069,1335.8,2.788
2018-04-05,24505.22,1.2287,1.4088,1324.3,2.832
2018-04-06,23932.76,1.2252,1.4009,1331.9,2.775
2018-04-09,23979.1,1.2271,1.4092,1336.3,2.786
2018-04-10,24408.0,1.2322,1.4138,1342.0,2.797
2018-04-11,24189.45,1.2363,1.4182,1356.5,2.79
2018-04-12,24483.05,1.2372,1.4189,1338.4,2.834
2018-04-13,24360.14,1.233,1.4238,1344.8,2.829
2018-04-16,24573.04,1.2333,1.4247,1347.5,2.832
2018-04-17,24786.63,1.2385,1.4342,1347.2,2.814
2018-04-18,24748.07,1.2373,1.4297,1351.2,2.867
2018-04-19,24664.89,1.2379,1.4204,1346.8,2.914
2018-04-20,24462.94,1.2346,1.4086,1336.7,2.951
2018-04-23,24448.69,1.2273,1.4002,1322.5,2.973
2018-04-24,24024.13,1.2209,1.3938,1331.4,2.983
2018-04-25,24083.83,1.2241,1.3994,1321.2,3.024
2018-04-26,24322.34,1.2172,1.3939,1316.3,2.99
2018-04-27,24311.19,1.211,1.3919,1320.3,2.957
2018-04-30,24163.15,1.2123,1.3771,1316.2,2.936
2018-05-01,24099.05,1.2081,1.3772,1303.8,2.976
2018-05-02,23924.98,1.1992,1.3609,1302.6,2.964
2018-05-03,23930.15,1.1951,1.3574,1310.7,2.946
2018-05-04,24262.51,1.1989,1.3572,1312.7,2.944
2018-05-07,24357.32,1.1955,1.3532,1312.2,2.95
2018-05-08,24360.21,1.1934,1.357,1312.0,2.969
2018-05-09,24542.54,1.1868,1.3553,1311.3,3.004
2018-05-10,24739.53,1.1847,1.3545,1320.8,2.971
2018-05-11,24831.17,1.1918,1.3523,1319.0,2.971
2018-05-14,24899.41,1.1952,1.3554,1316.5,2.995
2018-05-15,24706.41,1.1931,1.3562,1288.9,3.08
2018-05-16,24768.93,1.1821,1.35,1290.2,3.095
2018-05-17,24713.98,1.1817,1.3548,1288.2,3.109
2018-05-18,24715.09,1.1795,1.3515,1290.2,3.067
2018-05-21,25013.29,1.1767,1.3477,1290.2,3.065
2018-05-22,24834.41,1.1792,1.3432,1291.7,3.065
2018-05-23,24886.81,1.1789,1.3441,1289.3,3.003
2018-05-24,24811.76,1.171,1.3371,1303.7,2.981
2018-05-25,24753.09,1.1723,1.3383,1303.3,2.931
2018-05-29,24361.45,1.1627,1.3316,1298.7,2.768
2018-05-30,24667.78,1.1539,1.3254,1301.5,2.842
2018-05-31,24415.84,1.1667,1.3284,1300.1,2.822
2018-06-01,24635.21,1.1693,1.3289,1294.8,2.895
2018-06-04,24813.69,1.1669,1.3356,1293.1,2.937
2018-06-05,24799.98,1.1701,1.3316,1297.5,2.919
2018-06-06,25146.39,1.1726,1.3406,1297.1,2.975
2018-06-07,25241.41,1.1785,1.3422,1298.7,2.933
2018-06-08,25316.53,1.1795,1.3419,1298.1,2.937
2018-06-11,25322.31,1.1784,1.3414,1298.9,2.957
2018-06-12,25320.73,1.1774,1.3374,1295.1,2.957
2018-06-13,25201.2,1.1748,1.3373,1296.9,2.977
2018-06-14,25175.31,1.1808,1.3383,1304.0,2.946
2018-06-15,25090.48,1.1567,1.3257,1274.6,2.924
2018-06-18,24987.47,1.1596,1.3275,1276.2,2.926
2018-06-19,24700.21,1.1631,1.3259,1275.6,2.893
2018-06-20,24657.8,1.1589,1.3173,1271.2,2.928
2018-06-21,24461.7,1.1579,1.3175,1267.2,2.897
2018-06-22,24580.89,1.1606,1.3248,1267.4,2.9
2018-06-25,24252.8,1.1661,1.3262,1265.6,2.875
2018-06-26,24283.11,1.1703,1.3278,1256.6,2.88
2018-06-27,24117.59,1.165,1.3221,1252.8,2.827
2018-06-28,24216.05,1.1564,1.312,1247.8,2.847
2018-06-29,24271.41,1.1563,1.3075,1251.3,2.849
2018-07-02,24307.18,1.1679,1.3208,1239.8,2.866
2018-07-03,24174.82,1.1642,1.3144,1239.8,2.866
2018-07-05,24356.74,1.1662,1.3229,1257.3,2.84
2018-07-06,24456.48,1.1696,1.3226,1254.3,2.831
2018-07-09,24776.59,1.1752,1.3298,1258.1,2.86
2018-07-10,24919.66,1.1757,1.3256,1253.8,2.873
2018-07-11,24700.45,1.1727,1.3257,1242.8,2.842
2018-07-12,24924.89,1.1677,1.321,1245.0,2.853
2018-07-13,25019.41,1.1666,1.318,1239.6,2.831
2018-07-16,25064.36,1.1679,1.3228,1238.1,2.858
2018-07-17,25119.89,1.1709,1.3236,1225.7,2.864
2018-07-18,25199.29,1.1653,1.3106,1226.3,2.875
2018-07-19,25064.5,1.1646,1.3078,1222.4,2.847
2018-07-20,25058.12,1.1655,1.3023,1229.5,2.895
2018-07-23,25044.29,1.1742,1.3147,1224.0,2.965
2018-07-24,25241.94,1.1694,1.3103,1223.9,2.949
2018-07-25,25414.1,1.1686,1.3152,1231.4,2.936
2018-07-26,25527.07,1.1738,1.32,1225.3,2.975
2018-07-27,25451.06,1.1643,1.3109,1222.6,2.96
2018-07-30,25306.83,1.166,1.3112,1221.3,2.975
2018-07-31,25415.19,1.1707,1.3135,1223.7,2.964
2018-08-01,25333.82,1.169,1.3122,1217.9,3.003
2018-08-02,25326.16,1.1666,1.3126,1210.6,2.986
2018-08-03,25462.58,1.1586,1.3018,1214.2,2.953
2018-08-06,25502.18,1.1562,1.3004,1208.6,2.938
2018-08-07,25628.91,1.1558,1.2945,1209.6,2.973
2018-08-08,25583.75,1.1603,1.2947,1212.6,2.971
2018-08-09,25509.23,1.1611,1.2882,1211.9,2.935
2018-08-10,25313.14,1.1524,1.2828,1211.1,2.857
2018-08-13,25187.7,1.1395,1.2759,1191.3,2.877
2018-08-14,25299.92,1.1403,1.2763,1193.0,2.895
2018-08-15,25162.41,1.1346,1.2718,1177.5,2.852
2018-08-16,25558.73,1.1344,1.2694,1176.2,2.871
2018-08-17,25669.32,1.1371,1.2715,1176.5,2.873
2018-08-20,25758.69,1.1438,1.2747,1186.8,2.823
2018-08-21,25822.29,1.1491,1.2804,1192.6,2.844
2018-08-22,25733.6,1.1577,1.2906,1196.3,2.823
2018-08-23,25656.98,1.1585,1.2905,1187.0,2.821
2018-08-24,25790.35,1.1543,1.2811,1206.3,2.826
2018-08-27,26049.64,1.1649,1.2861,1209.0,2.848
2018-08-28,26064.02,1.1684,1.2897,1207.4,2.884
2018-08-29,26124.57,1.1691,1.2868,1204.5,2.884
2018-08-30,25986.92,1.171,1.3036,1197.7,2.86
2018-08-31,25964.82,1.1665,1.3011,1200.3,2.853
2018-09-04,25952.48,1.1615,1.2869,1192.7,2.902
2018-09-05,25974.99,1.1587,1.2858,1194.9,2.902
2018-09-06,25995.87,1.1635,1.2915,1197.9,2.879
2018-09-07,25916.54,1.162,1.2925,1193.6,2.942
2018-09-10,25857.07,1.1561,1.293,1193.0,2.937
2018-09-11,25971.06,1.1596,1.3026,1195.4,2.977
2018-09-12,25998.92,1.1596,1.3016,1204.7,2.963
2018-09-13,26145.99,1.1629,1.3045,1202.0,2.963
2018-09-14,26154.67,1.1692,1.3111,1195.0,2.994
2018-09-17,26062.12,1.1629,1.3073,1199.7,3.001
2018-09-18,26246.96,1.1669,1.3146,1196.8,3.048
2018-09-19,26405.76,1.168,1.3168,1202.2,3.083
2018-09-20,26656.98,1.1675,1.3141,1206.2,3.078
2018-09-21,26743.5,1.1776,1.3271,1196.2,3.068
2018-09-24,26562.05,1.1751,1.308,1199.3,3.078
2018-09-25,26492.21,1.1753,1.3117,1200.0,3.102
2018-09-26,26385.28,1.1763,1.318,1194.0,3.061
2018-09-27,26439.93,1.1749,1.3173,1182.3,3.056
2018-09-28,26458.31,1.1637,1.3079,1191.5,3.056
2018-10-01,26651.21,1.1605,1.3039,1187.1,3.08
2018-10-02,26773.94,1.1578,1.3044,1202.4,3.056
2018-10-03,26828.39,1.1552,1.2982,1198.3,3.161
2018-10-04,26627.48,1.1476,1.2941,1197.2,3.197
2018-10-05,26447.05,1.1518,1.3024,1201.2,3.225
2018-10-08,26486.78,1.1523,1.3127,1184.4,3.233
2018-10-09,26430.57,1.1494,1.3093,1187.2,3.208
2018-10-10,25598.74,1.1507,1.3157,1189.3,3.225
2018-10-11,25052.83,1.1533,1.3207,1223.5,3.133
2018-10-12,25339.99,1.159,1.3234,1218.1,3.141
2018-10-15,25250.55,1.1551,1.3104,1226.4,3.163
2018-10-16,25798.42,1.1583,1.3155,1227.3,3.156
2018-10-17,25706.68,1.1575,1.3187,1223.7,3.179
2018-10-18,25379.45,1.1501,1.3104,1226.5,3.175
2018-10-19,25444.34,1.146,1.3024,1225.3,3.198
2018-10-22,25317.41,1.1509,1.3065,1221.2,3.196
2018-10-23,25191.43,1.1468,1.2966,1233.4,3.166
2018-10-24,24583.42,1.1473,1.2981,1227.8,3.124
2018-10-25,24984.55,1.1399,1.2888,1229.1,3.136
2018-10-26,24688.31,1.1378,1.2825,1232.5,3.077
2018-10-29,24442.92,1.1399,1.2831,1224.5,3.087
2018-10-30,24874.64,1.1376,1.2802,1222.6,3.11
2018-10-31,25115.76,1.1346,1.2709,1212.3,3.159
2018-11-01,25380.74,1.1317,1.2769,1236.0,3.144
2018-11-02,25270.83,1.1403,1.3004,1230.9,3.214
2018-11-05,25461.7,1.1398,1.3006,1229.8,3.201
2018-11-06,25635.01,1.1413,1.3058,1223.8,3.214
2018-11-07,26180.3,1.1439,1.3113,1226.2,3.213
2018-11-08,26191.22,1.1434,1.3129,1222.9,3.234
2018-11-09,25989.3,1.1368,1.3067,1206.4,3.189
2018-11-12,25387.18,1.1325,1.2938,1201.3,3.186
2018-11-13,25286.49,1.1233,1.2858,1199.2,3.145
2018-11-14,25080.5,1.1311,1.3014,1207.9,3.12
2018-11-15,25289.27,1.1312,1.2986,1212.8,3.118
2018-11-16,25413.22,1.1325,1.2767,1220.8,3.074
2018-11-19,25017.44,1.1414,1.2833,1223.1,3.057
2018-11-20,24465.64,1.1455,1.286,1219.0,3.048
2018-11-21,24464.69,1.1372,1.2789,1225.8,3.061
2018-11-23,24285.95,1.1403,1.2876,1225.8,3.061
2018-11-26,24640.24,1.1337,1.2812,1220.2,3.072
2018-11-27,24748.73,1.1333,1.2812,1211.2,3.055
2018-11-28,25366.43,1.1299,1.2744,1221.4,3.044
2018-11-29,25338.84,1.1369,1.2824,1224.1,3.035
2018-11-30,25538.46,1.1393,1.2784,1220.2,3.013
2018-12-03,25826.43,1.1342,1.2753,1233.9,2.992
2018-12-04,25027.07,1.1355,1.2726,1241.1,2.924
2018-12-06,24947.67,1.1349,1.2728,1238.1,2.876
2018-12-07,24388.95,1.1375,1.2779,1246.8,2.85
2018-12-10,24423.26,1.1401,1.2721,1243.7,2.856
2018-12-11,24370.24,1.1357,1.2561,1241.9,2.879
2018-12-12,24527.27,1.1323,1.2493,1244.4,2.906
2018-12-13,24597.38,1.1373,1.2629,1242.7,2.911
2018-12-14,24100.51,1.1364,1.2655,1237.0,2.891
2018-12-17,23592.98,1.1306,1.2586,1247.4,2.857
2018-12-18,23675.64,1.135,1.2616,1249.2,2.825
2018-12-19,23323.66,1.1375,1.2655,1252.1,2.778
2018-12-20,22859.6,1.139,1.2628,1263.6,2.789
2018-12-21,22445.37,1.1457,1.267,1253.8,2.792
2018-12-24,21792.2,1.1373,1.2649,1253.8,2.792
2018-12-26,22878.45,1.1416,1.2689,1269.2,2.797
2018-12-27,23138.82,1.1361,1.2649,1277.3,2.743
2018-12-28,23062.4,1.1431,1.2646,1279.9,2.736
2018-12-31,23327.46,1.144,1.2694,1278.3,2.686
2019-01-02,23346.24,1.1462,1.2754,1281.0,2.661
2019-01-03,22686.22,1.1318,1.2522,1291.8,2.554
2019-01-04,23433.16,1.1391,1.2629,1282.7,2.659
2019-01-07,23531.35,1.141,1.2735,1286.8,2.682
2019-01-08,23787.45,1.148,1.2786,1283.2,2.716
2019-01-09,23879.12,1.1456,1.2738,1289.3,2.728
2019-01-10,24001.92,1.1555,1.28,1284.7,2.731
2019-01-11,23995.95,1.151,1.2754,1287.1,2.701
2019-01-14,23909.84,1.146,1.285,1289.1,2.71
2019-01-15,24065.59,1.1473,1.2875,1286.2,2.711
2019-01-16,24207.16,1.1417,1.2872,1291.6,2.731
2019-01-17,24370.1,1.1398,1.2886,1291.0,2.749
2019-01-18,24706.35,1.1393,1.2984,1281.3,2.784
2019-01-22,24404.48,1.1369,1.2892,1282.5,2.73
2019-01-23,24575.62,1.1364,1.2958,1283.1,2.755
2019-01-24,24553.24,1.1388,1.3082,1279.1,2.712
2019-01-25,24737.2,1.1314,1.3122,1297.4,2.753
2019-01-28,24528.22,1.1413,1.3208,1302.4,2.744
2019-01-29,24579.96,1.143,1.316,1308.2,2.712
2019-01-30,25014.86,1.1435,1.308,1309.9,2.695
2019-01-31,24999.67,1.1488,1.3117,1319.7,2.635
2019-02-01,25063.89,1.145,1.3109,1316.9,2.691
2019-02-04,25239.37,1.1455,1.3077,1314.3,2.724
2019-02-05,25411.52,1.1436,1.3031,1314.2,2.702
2019-02-06,25390.3,1.141,1.2957,1309.5,2.702
2019-02-07,25169.53,1.1366,1.2934,1309.4,2.652
2019-02-08,25106.33,1.1339,1.2949,1313.7,2.632
2019-02-11,25053.11,1.1324,1.2937,1307.0,2.661
2019-02-12,25425.76,1.1279,1.2864,1309.2,2.684
2019-02-13,25543.27,1.1335,1.2892,1310.8,2.708
2019-02-14,25439.39,1.1265,1.2857,1309.8,2.657
2019-02-15,25883.25,1.1295,1.2798,1318.1,2.666
2019-02-19,25891.32,1.1312,1.2924,1340.1,2.647
2019-02-20,25954.44,1.1343,1.3061,1343.3,2.654
2019-02-21,25850.63,1.1346,1.3045,1323.5,2.688
2019-02-22,26031.81,1.1343,1.3041,1329.2,2.655
2019-02-25,26091.95,1.1342,1.3066,1325.9,2.673
2019-02-26,26057.98,1.1368,1.3127,1325.1,2.636
2019-02-27,25985.16,1.1393,1.3258,1317.7,2.693
2019-02-28,25916.0,1.138,1.3318,1312.8,2.711
2019-03-01,26026.32,1.1373,1.3265,1296.4,2.755
2019-03-04,25819.65,1.1376,1.324,1284.8,2.722
2019-03-05,25806.63,1.1337,1.3179,1282.0,2.722
2019-03-06,25673.46,1.1307,1.3157,1284.9,2.692
2019-03-07,25473.23,1.1314,1.3182,1283.8,2.636
2019-03-08,25450.24,1.1198,1.3092,1297.0,2.625
2019-03-11,25650.88,1.1232,1.2988,1288.8,2.643
2019-03-12,25554.66,1.1259,1.3249,1296.3,2.605
2019-03-13,25702.89,1.1287,1.3067,1307.5,2.611
2019-03-14,25709.94,1.1331,1.3286,1293.4,2.63
2019-03-15,25848.87,1.1308,1.3259,1301.8,2.593
2019-03-18,25914.1,1.132,1.3297,1300.3,2.602
2019-03-19,25887.38,1.1336,1.3264,1305.0,2.614
2019-03-20,25745.67,1.1355,1.3271,1300.5,2.535
2019-03-21,25962.51,1.1428,1.3205,1306.1,2.537
2019-03-22,25502.32,1.1375,1.3132,1311.6,2.455
2019-03-25,25516.83,1.1296,1.3207,1321.9,2.42
2019-03-26,25657.73,1.1316,1.3215,1314.3,2.414
2019-03-27,25625.59,1.1275,1.3211,1309.9,2.374
2019-03-28,25717.46,1.1252,1.3153,1289.8,2.389
2019-03-29,25928.68,1.123,1.3057,1293.0,2.414
2019-04-01,26258.42,1.1224,1.3023,1288.4,2.497
2019-04-02,26179.13,1.1206,1.3069,1290.0,2.481
2019-04-03,26218.13,1.1204,1.3128,1289.9,2.517
2019-04-04,26384.63,1.1247,1.3177,1289.0,2.512
2019-04-05,26424.99,1.1226,1.3077,1290.4,2.501
2019-04-08,26341.02,1.122,1.3038,1297.1,2.519
2019-04-09,26150.58,1.1256,1.3063,1303.5,2.499
2019-04-10,26157.16,1.1267,1.3057,1309.1,2.477
2019-04-11,26143.05,1.1277,1.3099,1288.6,2.504
2019-04-12,26412.3,1.1261,1.3056,1290.6,2.56
2019-04-15,26384.77,1.1305,1.3084,1286.8,2.553
2019-04-16,26452.66,1.1305,1.3103,1272.6,2.592
2019-04-17,26449.54,1.1285,1.3046,1272.2,2.592
2019-04-18,26559.54,1.1297,1.3039,1271.9,2.56
2019-04-22,26511.05,1.1245,1.2994,1273.5,2.59
2019-04-23,26656.39,1.1259,1.2981,1269.3,2.57
2019-04-24,26597.05,1.1224,1.2938,1275.5,2.522
2019-04-25,26462.08,1.1153,1.2905,1275.8,2.534
2019-04-26,26543.33,1.1137,1.2896,1284.9,2.505
2019-04-29,26554.39,1.115,1.292,1278.6,2.536
2019-04-30,26592.91,1.1185,1.2932,1282.8,2.509
2019-05-01,26430.14,1.1216,1.304,1281.4,2.511
2019-05-02,26307.79,1.1201,1.3053,1269.7,2.552
2019-05-03,26504.95,1.1174,1.3033,1279.2,2.531
2019-05-06,26438.48,1.1186,1.3151,1281.7,2.5
2019-05-07,25965.09,1.1202,1.3099,1283.5,2.448
2019-05-08,25967.33,1.1191,1.3069,1279.4,2.482
2019-05-09,25828.36,1.1198,1.3012,1283.5,2.457
2019-05-10,25942.37,1.1222,1.301,1285.7,2.455
2019-05-13,25324.99,1.1236,1.3011,1300.1,2.405
2019-05-14,25532.05,1.1233,1.2963,1294.7,2.419
2019-05-15,25648.02,1.1204,1.2907,1296.3,2.379
2019-05-16,25862.68,1.1207,1.2848,1285.0,2.405
2019-05-17,25764.0,1.1174,1.2798,1274.5,2.393
2019-05-20,25679.9,1.1165,1.2732,1276.1,2.416
2019-05-21,25877.33,1.1169,1.2729,1272.0,2.426
2019-05-22,25776.61,1.1169,1.2729,1273.6,2.393
2019-05-23,25490.47,1.1155,1.2664,1284.8,2.296
2019-05-24,25585.69,1.1185,1.2665,1283.0,2.324
2019-05-28,25347.77,1.1194,1.2682,1276.5,2.268
2019-05-29,25126.41,1.1171,1.266,1280.6,2.236
2019-05-30,25169.88,1.1137,1.2629,1287.1,2.227
2019-05-31,24815.04,1.1131,1.261,1305.8,2.142
2019-06-03,24819.78,1.1174,1.264,1322.7,2.081
2019-06-04,25332.18,1.1246,1.2664,1323.4,2.119
2019-06-05,25539.57,1.1254,1.2703,1328.3,2.123
2019-06-06,25720.66,1.1229,1.2689,1337.6,2.124
2019-06-07,25983.94,1.1277,1.2698,1341.2,2.084
2019-06-10,26062.68,1.132,1.2723,1324.7,2.143
2019-06-11,26048.51,1.1318,1.2691,1326.4,2.14
2019-06-12,26004.83,1.133,1.2724,1331.9,2.127
2019-06-13,26106.77,1.1296,1.2693,1339.2,2.091
2019-06-14,26089.61,1.128,1.268,1340.1,2.093
2019-06-17,26112.53,1.1217,1.2596,1338.7,2.086
2019-06-18,26465.54,1.1225,1.2542,1346.6,2.06
2019-06-19,26504.0,1.1198,1.2567,1344.6,2.029
2019-06-20,26753.17,1.1238,1.2657,1392.9,2.001
2019-06-21,26719.13,1.1296,1.2708,1396.2,2.068
2019-06-24,26727.54,1.1385,1.2751,1414.3,2.021
2019-06-25,26548.22,1.14,1.274,1414.9,1.994
2019-06-26,26536.82,1.137,1.2691,1411.6,2.049
2019-06-27,26526.58,1.1375,1.2698,1408.4,2.005
2019-06-28,26599.96,1.1373,1.2677,1409.7,2.0
2019-07-01,26717.43,1.1365,1.2695,1385.6,2.034
2019-07-02,26786.68,1.1287,1.2645,1404.6,1.976
2019-07-03,26966.0,1.1293,1.2598,1404.6,1.976
2019-07-05,26922.12,1.1286,1.2583,1396.7,2.048
2019-07-08,26806.14,1.1227,1.2526,1397.0,2.034
2019-07-09,26783.49,1.1216,1.2516,1397.5,2.054
2019-07-10,26860.2,1.1208,1.2459,1410.1,2.061
2019-07-11,27088.08,1.1259,1.2508,1404.3,2.12
2019-07-12,27332.03,1.1252,1.2523,1409.9,2.106
2019-07-15,27359.16,1.1272,1.2572,1411.4,2.092
2019-07-16,27335.63,1.1262,1.2518,1409.2,2.122
2019-07-17,27219.85,1.1212,1.2412,1421.3,2.061
2019-07-18,27222.97,1.123,1.2435,1426.1,2.038
2019-07-19,27154.2,1.1262,1.2542,1425.1,2.048
2019-07-22,27171.9,1.1218,1.2513,1425.3,2.043
2019-07-23,27349.19,1.1206,1.2475,1420.1,2.074
2019-07-24,27269.97,1.1151,1.2439,1422.8,2.05
2019-07-25,27140.98,1.1142,1.2486,1413.9,2.074
2019-07-26,27192.45,1.1146,1.2453,1418.5,2.081
2019-07-29,27221.35,1.1132,1.2377,1419.6,2.055
2019-07-30,27198.02,1.1143,1.2217,1429.7,2.061
2019-07-31,26864.27,1.1158,1.2162,1426.1,2.021
2019-08-01,26583.42,1.1072,1.2154,1420.9,1.894
2019-08-02,26485.01,1.1079,1.2124,1445.6,1.855
2019-08-05,25717.74,1.1108,1.2152,1464.6,1.735
2019-08-06,26029.52,1.1244,1.2158,1472.4,1.739
2019-08-07,26007.07,1.1207,1.217,1507.3,1.684
2019-08-08,26378.19,1.1204,1.2143,1497.7,1.716
2019-08-09,26287.44,1.1187,1.2144,1496.6,1.734
2019-08-12,25896.44,1.1208,1.2022,1505.3,1.639
2019-08-13,26279.91,1.1218,1.2079,1502.2,1.68
2019-08-14,25479.42,1.1177,1.2064,1515.9,1.581
2019-08-15,25579.39,1.1143,1.206,1519.6,1.529
2019-08-16,25886.01,1.1114,1.2092,1512.5,1.539
2019-08-19,26135.79,1.1094,1.2161,1500.4,1.598
2019-08-20,25962.44,1.1083,1.2132,1504.6,1.561
2019-08-21,26202.73,1.1098,1.2162,1504.6,1.577
2019-08-22,26252.24,1.1091,1.2132,1497.3,1.61
2019-08-23,25628.9,1.1084,1.2252,1526.6,1.528
2019-08-26,25898.83,1.1143,1.2262,1526.3,1.545
2019-08-27,25777.9,1.1104,1.2222,1541.0,1.49
2019-08-28,26036.1,1.109,1.2283,1537.8,1.466
2019-08-29,26362.25,1.1086,1.2219,1526.5,1.516
2019-08-30,26403.28,1.1062,1.2187,1519.1,1.506
2019-09-03,26118.02,1.0969,1.2067,1545.9,1.466
2019-09-04,26355.47,1.0975,1.209,1550.3,1.459
2019-09-05,26728.15,1.1035,1.2249,1515.4,1.565
2019-09-06,26797.46,1.1036,1.2324,1506.2,1.55
2019-09-09,26835.51,1.1021,1.2283,1502.2,1.622
2019-09-10,26909.43,1.1048,1.2345,1490.3,1.702
2019-09-11,27137.04,1.105,1.2355,1494.4,1.733
2019-09-12,27182.45,1.1013,1.2335,1498.7,1.791
2019-09-13,27219.52,1.1058,1.2329,1490.9,1.903
2019-09-16,27076.82,1.1083,1.2497,1503.1,1.841
2019-09-17,27110.8,1.1006,1.2429,1505.1,1.812
2019-09-18,27147.08,1.1075,1.2503,1507.5,1.786
2019-09-19,27094.79,1.1031,1.2471,1498.4,1.774
2019-09-20,26935.07,1.1049,1.2525,1507.3,1.755
2019-09-23,26949.99,1.1019,1.2472,1523.7,1.708
2019-09-24,26807.77,1.0994,1.2435,1532.1,1.635
2019-09-25,26970.71,1.1017,1.2486,1504.6,1.732
2019-09-26,26891.12,1.0953,1.236,1507.5,1.685
2019-09-27,26820.25,1.0923,1.2332,1499.1,1.675
2019-09-30,26916.83,1.0943,1.2293,1465.7,1.675
2019-10-01,26573.04,1.09,1.229,1482.0,1.644
2019-10-02,26078.62,1.0935,1.2292,1501.0,1.596
2019-10-03,26201.04,1.0964,1.2304,1507.1,1.536
2019-10-04,26573.72,1.0975,1.2342,1506.2,1.515
2019-10-07,26478.02,1.0987,1.2334,1497.7,1.553
2019-10-08,26164.04,1.0972,1.2288,1497.2,1.537
2019-10-09,26346.01,1.096,1.222,1506.1,1.589
2019-10-10,26496.67,1.0988,1.2213,1494.8,1.658
2019-10-11,26816.59,1.1011,1.2433,1482.7,1.752
2019-10-14,26787.36,1.103,1.2619,1491.7,1.733
2019-10-15,27024.8,1.1029,1.2612,1477.6,1.771
2019-10-16,27001.98,1.1035,1.2761,1488.0,1.748
2019-10-17,27025.88,1.1075,1.2824,1492.3,1.757
2019-10-18,26770.2,1.1127,1.2869,1488.2,1.747
2019-10-21,26827.64,1.1156,1.29,1482.4,1.792
2019-10-22,26788.1,1.1152,1.2972,1481.7,1.768
2019-10-23,26833.95,1.1129,1.2885,1489.9,1.759
2019-10-24,26805.53,1.1132,1.2923,1498.9,1.766
2019-10-25,26958.06,1.1104,1.284,1499.5,1.801
2019-10-28,27090.72,1.1084,1.2832,1490.0,1.853
2019-10-29,27071.46,1.1099,1.2857,1487.0,1.835
2019-10-30,27186.69,1.1115,1.2867,1493.2,1.798
2019-10-31,27046.23,1.1154,1.2902,1511.4,1.691
2019-11-01,27347.36,1.1157,1.294,1508.0,1.728
2019-11-04,27462.11,1.1167,1.2938,1508.0,1.786
2019-11-05,27492.63,1.1129,1.2892,1480.8,1.866
2019-11-06,27492.56,1.1074,1.2881,1490.2,1.814
2019-11-07,27674.8,1.107,1.2857,1464.2,1.926
2019-11-08,27681.24,1.102,1.278,1461.3,1.933
2019-11-11,27691.49,1.1022,1.2796,1455.5,1.943
2019-11-12,27691.49,1.1035,1.2858,1452.1,1.909
2019-11-13,27783.59,1.1012,1.2852,1461.7,1.87
2019-11-14,27781.96,1.1013,1.2854,1471.8,1.815
2019-11-15,28004.89,1.102,1.2882,1467.3,1.834
2019-11-18,28036.22,1.1055,1.2921,1470.9,1.808
2019-11-19,27934.02,1.1072,1.2951,1473.3,1.786
2019-11-20,27821.09,1.108,1.293,1473.3,1.738
2019-11-21,27766.29,1.1079,1.2927,1463.1,1.772
2019-11-22,27875.62,1.1066,1.292,1463.1,1.774
2019-11-25,28066.47,1.1023,1.2853,1456.6,1.764
2019-11-26,28121.68,1.1014,1.2897,1459.8,1.74
2019-11-27,28164.0,1.1023,1.2861,1453.4,1.767
2019-11-29,28051.41,1.1012,1.2913,1453.4,1.767
2019-12-02,27783.04,1.1019,1.2913,1462.3,1.836
2019-12-03,27502.81,1.1079,1.2941,1478.2,1.709
2019-12-04,27649.78,1.1085,1.2998,1474.0,1.781
2019-12-05,27677.79,1.1083,1.3111,1476.9,1.797
2019-12-06,28015.06,1.1105,1.3158,1459.1,1.842
2019-12-09,27909.6,1.1059,1.314,1459.3,1.829
2019-12-10,27881.72,1.1065,1.3146,1462.6,1.833
2019-12-11,27911.3,1.1093,1.3131,1469.4,1.79
2019-12-12,28132.05,1.1136,1.32,1466.7,1.897
2019-12-13,28135.38,1.1186,1.3475,1475.6,1.819
2019-12-16,28235.89,1.1124,1.3353,1475.0,1.892
2019-12-17,28267.16,1.1137,1.3272,1474.6,1.889
2019-12-18,28239.28,1.1151,1.3122,1472.6,1.924
2019-12-19,28376.96,1.1116,1.3087,1478.2,1.908
2019-12-20,28455.09,1.1126,1.3017,1474.7,1.917
2019-12-23,28551.53,1.108,1.3005,1482.5,1.935
2019-12-24,28515.45,1.1094,1.2945,1482.5,1.935
2019-12-26,28621.39,1.1095,1.2974,1509.3,1.905
2019-12-27,28645.26,1.1101,1.3002,1513.8,1.874
2019-12-30,28462.14,1.1182,1.3092,1514.5,1.895
2019-12-31,28538.44,1.1202,1.3113,1519.5,1.919
2020-01-02,28868.8,1.1221,1.325,1524.5,1.882
2020-01-03,28634.88,1.1171,1.3153,1549.2,1.788
2020-01-06,28703.38,1.1162,1.308,1566.2,1.811
2020-01-07,28583.68,1.1198,1.317,1571.8,1.827
2020-01-08,28745.09,1.1155,1.3114,1557.4,1.874
2020-01-09,28956.9,1.1113,1.3105,1551.7,1.858
2020-01-10,28823.77,1.1111,1.307,1557.5,1.825
2020-01-13,28907.05,1.1117,1.3046,1548.4,1.848
2020-01-14,28939.67,1.1136,1.2988,1542.4,1.818
2020-01-15,29030.22,1.1131,1.3023,1552.1,1.788
2020-01-16,29297.64,1.1154,1.3041,1549.0,1.809
2020-01-17,29348.1,1.114,1.3079,1558.8,1.836
2020-01-21,29196.04,1.1097,1.3006,1556.4,1.769
2020-01-22,29186.27,1.1086,1.3048,1555.3,1.769
2020-01-23,29160.09,1.1096,1.3145,1564.6,1.74
2020-01-24,28989.73,1.1055,1.312,1571.1,1.681
2020-01-27,28535.8,1.1025,1.3062,1576.8,1.605
2020-01-28,28722.85,1.102,1.306,1569.2,1.641
2020-01-29,28734.45,1.1023,1.3025,1569.8,1.594
2020-01-30,28859.44,1.1017,1.3022,1583.5,1.558
2020-01-31,28256.03,1.1029,1.3089,1582.9,1.52
2020-02-03,28399.81,1.109,1.3182,1577.2,1.52
2020-02-04,28807.63,1.1063,1.2997,1550.4,1.603
2020-02-05,29290.85,1.1047,1.3033,1557.8,1.649
2020-02-06,29379.77,1.1002,1.2997,1565.1,1.644
2020-02-07,29102.51,1.0983,1.293,1568.6,1.578
2020-02-10,29276.82,1.0949,1.2892,1574.7,1.547
2020-02-11,29276.34,1.0913,1.2918,1565.6,1.59
2020-02-12,29551.42,1.0919,1.2957,1567.4,1.63
2020-02-13,29423.31,1.0876,1.2958,1575.1,1.617
2020-02-14,29398.08,1.0846,1.3047,1582.7,1.588
2020-02-18,29232.19,1.084,1.3009,1600.0,1.556
2020-02-19,29348.03,1.0795,1.3002,1607.5,1.57
2020-02-20,29219.98,1.081,1.2928,1616.6,1.525
2020-02-21,28992.41,1.0788,1.2883,1644.6,1.471
2020-02-24,27960.8,1.0839,1.2954,1672.4,1.377
2020-02-25,27081.36,1.0849,1.2927,1646.9,1.33
2020-02-26,26957.59,1.0882,1.3003,1640.0,1.31
2020-02-27,25766.64,1.0886,1.2907,1640.0,1.299
2020-02-28,25409.36,1.0997,1.2889,1564.1,1.127
2020-03-02,26703.32,1.1051,1.2807,1592.3,1.088
2020-03-03,25917.41,1.1144,1.2767,1642.1,1.01
2020-03-04,27090.86,1.1181,1.2821,1641.1,0.992
2020-03-05,26121.28,1.1139,1.2875,1666.4,0.926
2020-03-06,25864.78,1.1224,1.2951,1670.8,0.706
2020-03-09,23851.02,1.1386,1.3099,1674.5,0.499
2020-03-10,25018.16,1.1398,1.3075,1659.1,0.748
2020-03-11,23553.22,1.1317,1.291,1641.4,0.82
2020-03-12,21200.62,1.1262,1.2818,1589.3,0.849
2020-03-13,23185.62,1.1185,1.257,1515.7,0.951
2020-03-16,20188.52,1.1155,1.24,1485.9,0.728
2020-03-17,21237.38,1.1163,1.2267,1524.9,0.997
2020-03-18,19898.92,1.1016,1.2122,1477.3,1.266
2020-03-19,20087.19,1.0962,1.1625,1478.6,1.119
2020-03-20,19173.98,1.0657,1.1494,1484.0,0.938
2020-03-23,18591.93,1.0694,1.1623,1567.0,0.764
2020-03-24,20704.91,1.0765,1.1596,1660.2,0.816
2020-03-25,21200.55,1.0803,1.1792,1632.3,0.858
2020-03-26,22552.17,1.089,1.1851,1650.1,0.811
2020-03-27,21636.78,1.1048,1.2201,1623.9,0.749
2020-03-30,22327.48,1.1139,1.2453,1622.0,0.67
2020-03-31,21917.16,1.103,1.2372,1583.4,0.698
2020-04-01,20943.51,1.1027,1.2408,1578.2,0.635
2020-04-02,21413.44,1.0954,1.2382,1625.7,0.627
2020-04-03,21052.53,1.0847,1.2395,1633.7,0.587
2020-04-06,22679.99,1.0807,1.222,1677.0,0.676
2020-04-07,22653.86,1.0804,1.2241,1664.8,0.736
2020-04-08,23433.57,1.0895,1.2339,1665.4,0.764
2020-04-09,23719.37,1.0864,1.2393,1736.2,0.729
2020-04-13,23390.77,1.0933,1.2461,1744.8,0.749
2020-04-14,23949.76,1.0923,1.2524,1756.7,0.752
2020-04-15,23504.35,1.0985,1.2626,1727.2,0.638
2020-04-16,23537.68,1.0905,1.2521,1720.4,0.609
2020-04-17,24242.49,1.0858,1.2488,1689.2,0.654
2020-04-20,23650.44,1.0867,1.2488,1701.6,0.626
2020-04-21,23018.88,1.0865,1.2443,1678.2,0.571
2020-04-22,23475.82,1.0856,1.2299,1728.7,0.619
2020-04-23,23515.26,1.081,1.2324,1733.3,0.613
2020-04-24,23775.27,1.0777,1.2352,1723.5,0.596
2020-04-27,24133.78,1.0824,1.2367,1711.9,0.656
2020-04-28,24101.55,1.0825,1.2423,1710.5,0.61
2020-04-29,24633.86,1.0837,1.2436,1703.4,0.627
2020-04-30,24345.72,1.0877,1.2471,1684.2,0.622
2020-05-01,23723.69,1.0945,1.2581,1694.5,0.642
2020-05-04,23749.76,1.096,1.2454,1706.9,0.637
2020-05-05,23883.09,1.0904,1.2446,1704.4,0.657
2020-05-06,23664.64,1.0839,1.2444,1684.2,0.711
2020-05-07,23875.89,1.0799,1.2326,1721.8,0.631
2020-05-08,24331.32,1.0837,1.2376,1709.9,0.682
2020-05-11,24221.99,1.084,1.2417,1695.3,0.726
2020-05-12,23764.78,1.0809,1.2333,1704.4,0.678
2020-05-13,23247.97,1.0847,1.2255,1713.9,0.649
2020-05-14,23625.34,1.0824,1.2242,1738.1,0.619
2020-05-15,23685.42,1.0807,1.2234,1753.4,0.64
2020-05-18,24597.37,1.0821,1.2086,1731.8,0.744
2020-05-19,24206.86,1.0915,1.22,1744.2,0.711
2020-05-20,24575.9,1.0928,1.2256,1750.6,0.68
2020-05-21,24474.12,1.0983,1.2237,1720.5,0.677
2020-05-22,24465.16,1.0953,1.2223,1734.6,0.657
2020-05-26,24995.11,1.0903,1.2201,1704.8,0.698
2020-05-27,25548.27,1.0982,1.2335,1710.3,0.68
2020-05-28,25400.64,1.1017,1.2265,1713.3,0.705
2020-05-29,25383.11,1.1079,1.2321,1736.9,0.648
2020-06-01,25475.02,1.1119,1.2348,1737.8,0.662
2020-06-02,25742.65,1.1126,1.2487,1725.2,0.68
2020-06-03,26269.89,1.1189,1.2581,1697.8,0.761
2020-06-04,26281.82,1.1236,1.2575,1718.9,0.82
2020-06-05,27110.98,1.1338,1.2609,1676.2,0.904
2020-06-08,27572.44,1.132,1.2726,1698.3,0.884
2020-06-09,27272.3,1.1306,1.2735,1714.7,0.829
2020-06-10,26989.99,1.1332,1.2711,1713.3,0.748
2020-06-11,25128.17,1.1365,1.2711,1732.0,0.653
2020-06-12,25605.54,1.1288,1.2577,1729.3,0.699
2020-06-15,25763.16,1.1252,1.2509,1720.3,0.702
2020-06-16,26289.98,1.1338,1.2638,1729.6,0.756
2020-06-17,26119.61,1.1266,1.2585,1729.2,0.733
2020-06-18,26080.1,1.1243,1.2553,1724.8,0.694
2020-06-19,25871.46,1.1211,1.2427,1745.9,0.697
2020-06-22,26024.96,1.1178,1.2348,1756.7,0.704
2020-06-23,26156.1,1.128,1.2502,1772.1,0.709
2020-06-24,25445.94,1.1312,1.2525,1765.8,0.684
2020-06-25,25745.6,1.1251,1.2413,1762.1,0.674
2020-06-26,25015.55,1.1222,1.2425,1772.5,0.636
2020-06-29,25595.8,1.1226,1.2342,1774.8,0.636
2020-06-30,25812.88,1.1247,1.2311,1793.0,0.653
2020-07-01,25734.97,1.1236,1.2389,1773.2,0.682
2020-07-02,25827.36,1.1251,1.2465,1784.0,0.669
2020-07-06,26287.03,1.1247,1.2476,1788.5,0.684
2020-07-07,25890.18,1.1313,1.2495,1804.2,0.65
2020-07-08,26067.28,1.1275,1.2543,1815.5,0.653
2020-07-09,25706.09,1.1339,1.2614,1799.2,0.605
2020-07-10,26075.3,1.1288,1.2605,1798.2,0.633
2020-07-13,26085.8,1.131,1.2628,1811.0,0.64
2020-07-14,26642.59,1.1345,1.2552,1810.6,0.615
2020-07-15,26870.1,1.1411,1.2569,1811.4,0.63
2020-07-16,26734.71,1.1417,1.2591,1798.7,0.612
2020-07-17,26671.95,1.1392,1.2559,1808.3,0.628
2020-07-20,26680.87,1.1443,1.2571,1815.9,0.62
2020-07-21,26840.4,1.1459,1.2662,1842.4,0.607
2020-07-22,27005.84,1.1534,1.2731,1864.1,0.595
2020-07-23,26652.33,1.1569,1.273,1889.1,0.582
2020-07-24,26469.89,1.1596,1.2731,1897.3,0.589
2020-07-27,26584.77,1.1653,1.2796,1931.0,0.609
2020-07-28,26379.28,1.1769,1.289,1944.7,0.581
2020-07-29,26539.57,1.1719,1.2924,1953.5,0.579
2020-07-30,26313.65,1.1783,1.2982,1942.3,0.541
2020-07-31,26428.32,1.1872,1.3118,1962.8,0.536
2020-08-03,26664.4,1.1782,1.3102,1966.0,0.563
2020-08-04,26828.47,1.1763,1.3079,2001.2,0.515
2020-08-05,27201.52,1.1815,1.3086,2031.1,0.543
2020-08-06,27386.98,1.1873,1.3127,2051.5,0.536
2020-08-07,27433.48,1.1876,1.3138,2010.1,0.562
2020-08-10,27791.44,1.1783,1.3052,2024.4,0.574
2020-08-11,27686.91,1.1738,1.3077,1932.6,0.658
2020-08-12,27976.84,1.1737,1.3051,1934.9,0.67
2020-08-13,27896.72,1.1794,1.3048,1956.7,0.716
2020-08-14,27931.02,1.1817,1.3071,1937.0,0.709
2020-08-17,27844.91,1.1853,1.3107,1985.0,0.683
2020-08-18,27778.07,1.1876,1.3108,1999.4,0.669
2020-08-19,27692.88,1.1948,1.3254,1958.7,0.675
2020-08-20,27739.73,1.1844,1.3111,1933.8,0.644
2020-08-21,27930.33,1.1874,1.322,1934.6,0.64
2020-08-24,28308.46,1.1798,1.3094,1927.7,0.646
2020-08-25,28248.44,1.1795,1.3071,1911.8,0.682
2020-08-26,28331.92,1.1835,1.3152,1940.7,0.687
2020-08-27,28492.27,1.1843,1.322,1921.6,0.746
2020-08-28,28653.87,1.182,1.32,1964.6,0.729
2020-08-31,28430.05,1.1918,1.3356,1967.6,0.693
2020-09-01,28645.66,1.1939,1.3365,1968.2,0.672
2020-09-02,29100.5,1.1923,1.3399,1934.4,0.651
2020-09-03,28292.73,1.1847,1.3351,1927.6,0.622
2020-09-04,28133.31,1.184,1.3262,1923.9,0.721
2020-09-08,27500.89,1.1822,1.3162,1933.0,0.684
2020-09-09,27940.47,1.177,1.2968,1944.7,0.703
2020-09-10,27534.58,1.1806,1.2999,1954.2,0.685
2020-09-11,27665.64,1.1824,1.2808,1937.8,0.669
2020-09-14,27993.33,1.1843,1.2807,1953.1,0.671
2020-09-15,27995.6,1.187,1.285,1956.3,0.679
2020-09-16,28032.38,1.1844,1.2885,1960.2,0.687
2020-09-17,27901.98,1.1803,1.296,1940.0,0.684
2020-09-18,27657.42,1.1848,1.2976,1952.1,0.694
2020-09-21,27147.7,1.1846,1.2933,1901.2,0.671
2020-09-22,27288.18,1.1768,1.2821,1898.6,0.664
2020-09-23,26763.13,1.1708,1.2744,1859.9,0.676
2020-09-24,26815.44,1.1659,1.2717,1868.3,0.666
2020-09-25,27173.96,1.1673,1.2757,1857.7,0.659
2020-09-28,27584.06,1.1635,1.2767,1872.8,0.663
2020-09-29,27452.66,1.1679,1.2873,1894.3,0.645
2020-09-30,27781.7,1.1742,1.2867,1887.5,0.677
2020-10-01,27816.9,1.1726,1.2918,1908.4,0.677
2020-10-02,27682.81,1.1745,1.2886,1900.2,0.696
2020-10-05,28148.64,1.172,1.2931,1912.5,0.762
2020-10-06,27772.76,1.1792,1.2993,1901.1,0.742
2020-10-07,28303.46,1.1738,1.2883,1883.6,0.785
2020-10-08,28425.51,1.1767,1.2918,1888.6,0.765
2020-10-09,28586.9,1.1767,1.294,1919.5,0.775
2020-10-12,28837.52,1.1817,1.3032,1922.5,0.777
2020-10-13,28679.81,1.1816,1.3066,1888.5,0.727
2020-10-14,28514.0,1.1742,1.2935,1901.3,0.722
2020-10-15,28494.2,1.1744,1.3012,1903.2,0.731
2020-10-16,28606.31,1.1707,1.2902,1900.8,0.744
2020-10-19,28195.42,1.1716,1.2928,1906.4,0.761
2020-10-20,28308.79,1.1769,1.2949,1910.4,0.797
2020-10-21,28210.82,1.183,1.2954,1924.6,0.816
2020-10-22,28363.66,1.1854,1.3132,1901.1,0.848
2020-10-23,28335.57,1.1815,1.3078,1902.0,0.841
2020-10-26,27685.38,1.1848,1.3055,1902.7,0.801
2020-10-27,27463.19,1.1809,1.3016,1908.8,0.778
2020-10-28,26519.95,1.1784,1.3032,1876.2,0.781
2020-10-29,26659.11,1.1749,1.299,1865.6,0.835
2020-10-30,26501.6,1.1679,1.2932,1877.4,0.86
2020-11-02,26925.05,1.1642,1.2927,1890.4,0.849
2020-11-03,27480.03,1.1643,1.2924,1908.5,0.882
2020-11-04,27847.66,1.1762,1.3122,1894.6,0.768
2020-11-05,28390.18,1.1733,1.2967,1945.3,0.776
2020-11-06,28323.4,1.1818,1.3139,1950.3,0.82
2020-11-09,29157.97,1.1893,1.3181,1853.2,0.958
2020-11-10,29420.92,1.1827,1.317,1875.4,0.972
2020-11-11,29397.63,1.1819,1.3262,1860.7,0.958
2020-11-12,29080.17,1.178,1.3224,1872.6,0.885
2020-11-13,29479.81,1.1803,1.3122,1885.7,0.893
2020-11-16,29950.44,1.1845,1.3221,1887.3,0.906
2020-11-17,29783.35,1.1859,1.3222,1884.5,0.872
2020-11-18,29438.42,1.1864,1.3259,1873.5,0.882
2020-11-19,29483.23,1.1848,1.3256,1861.1,0.854
2020-11-20,29263.48,1.1866,1.3249,1872.6,0.829
2020-11-23,29591.27,1.1866,1.3305,1837.8,0.857
2020-11-24,30046.24,1.1843,1.3329,1804.8,0.882
2020-11-25,29872.47,1.1901,1.3363,1805.7,0.878
2020-11-27,29910.37,1.1916,1.3355,1805.7,0.878
2020-11-30,29638.64,1.1971,1.3332,1775.7,0.844
2020-12-01,29823.92,1.1938,1.3337,1814.1,0.934
2020-12-02,29883.79,1.2074,1.3423,1825.7,0.948
2020-12-03,29969.52,1.2115,1.3371,1836.8,0.92
2020-12-04,30218.26,1.2146,1.3455,1835.9,0.969
2020-12-07,30069.79,1.2121,1.3417,1861.8,0.928
2020-12-08,30173.88,1.2113,1.3357,1870.8,0.913
2020-12-09,30068.81,1.2111,1.3366,1834.6,0.941
2020-12-10,29999.26,1.2079,1.3367,1833.6,0.908
2020-12-11,30046.37,1.2144,1.3306,1839.8,0.893
2020-12-14,29861.55,1.2133,1.3318,1828.7,0.892
2020-12-15,30199.31,1.2149,1.3331,1852.3,0.923
2020-12-16,30154.54,1.2154,1.3444,1856.1,0.92
2020-12-17,30303.37,1.22,1.3503,1887.2,0.93
2020-12-18,30179.05,1.2263,1.357,1885.7,0.948
2020-12-21,30216.45,1.2216,1.3402,1879.2,0.941
2020-12-22,30015.51,1.2237,1.345,1866.6,0.918
2020-12-23,30129.83,1.2187,1.3399,1874.7,0.955
2020-12-24,30199.87,1.2191,1.3505,1883.2,0.926
2020-12-28,30403.97,1.2205,1.3572,1877.2,0.933
2020-12-29,30335.67,1.2223,1.3466,1879.7,0.935
2020-12-30,30409.56,1.2253,1.35,1891.0,0.926
2020-12-31,30606.48,1.23,1.3631,1893.1,0.917
2021-01-04,30223.89,1.2251,1.3684,1944.7,0.917
2021-01-05,30391.6,1.2252,1.3572,1952.7,0.955
2021-01-06,30829.4,1.23,1.363,1906.9,1.042
2021-01-07,31041.13,1.2341,1.3625,1912.3,1.071
2021-01-08,31097.97,1.2271,1.357,1834.1,1.105
2021-01-11,31008.69,1.2186,1.3516,1849.6,1.132
2021-01-12,31068.69,1.2161,1.3524,1842.9,1.138
2021-01-13,31060.47,1.2209,1.3671,1853.6,1.088
2021-01-14,30991.52,1.2162,1.3649,1850.3,1.129
2021-01-15,30814.26,1.2151,1.3684,1827.7,1.097
2021-01-19,30930.52,1.2077,1.3581,1839.5,1.092
2021-01-20,31188.38,1.2139,1.3644,1865.9,1.09
2021-01-21,31176.01,1.2116,1.3668,1865.3,1.109
2021-01-22,30996.98,1.2166,1.3729,1855.7,1.091
2021-01-25,30960.0,1.2169,1.3688,1854.9,1.04
2021-01-26,30937.04,1.2146,1.3679,1850.7,1.04
2021-01-27,30303.17,1.2163,1.3742,1844.9,1.014
2021-01-28,30603.36,1.2105,1.3669,1837.9,1.057
2021-01-29,29982.62,1.212,1.3725,1847.3,1.093
2021-02-01,30211.91,1.2124,1.3698,1860.8,1.077
2021-02-02,30687.48,1.2069,1.3679,1843.4,1.105
2021-02-03,30723.6,1.2069,1.3679,1832.2,1.131
2021-02-04,31055.86,1.2042,1.3649,1788.9,1.139
2021-02-05,31148.24,1.1967,1.3676,1810.9,1.17
2021-02-08,31385.76,1.2049,1.3739,1831.9,1.16
2021-02-09,31375.83,1.2054,1.3746,1835.3,1.157
2021-02-10,31437.8,1.212,1.3818,1840.6,1.133
2021-02-11,31430.7,1.2121,1.3833,1824.9,1.158
2021-02-12,31458.4,1.2132,1.381,1821.6,1.2
2021-02-16,31522.75,1.2132,1.3915,1797.2,1.299
2021-02-17,31613.02,1.2092,1.3888,1771.1,1.301
2021-02-18,31493.34,1.2048,1.3866,1773.4,1.287
2021-02-19,31494.32,1.2092,1.3967,1775.8,1.345
2021-02-22,31521.69,1.2126,1.4031,1806.7,1.37
2021-02-23,31537.35,1.2167,1.4071,1804.4,1.362
2021-02-24,31961.86,1.2152,1.412,1796.4,1.389
2021-02-25,31402.01,1.2171,1.4148,1774.4,1.518
2021-02-26,30932.37,1.216,1.4008,1728.1,1.46
2021-03-01,31535.51,1.209,1.3973,1722.5,1.446
2021-03-02,31391.52,1.2051,1.393,1733.1,1.415
2021-03-03,31270.09,1.2085,1.3955,1715.3,1.47
2021-03-04,30924.14,1.2085,1.3955,1691.3,1.55
2021-03-05,31496.3,1.1968,1.3894,1698.0,1.554
2021-03-08,31802.44,1.1926,1.3854,1677.7,1.596
2021-03-09,31832.74,1.1852,1.3824,1716.6,1.546
2021-03-10,32297.02,1.1898,1.389,1728.5,1.52
2021-03-11,32485.59,1.1926,1.3931,1716.6,1.527
2021-03-12,32778.64,1.1986,1.399,1719.5,1.635
2021-03-15,32953.46,1.1986,1.399,1729.6,1.607
2021-03-16,32825.95,1.1986,1.399,1730.6,1.621
2021-03-17,33015.37,1.1902,1.3902,1726.8,1.641
2021-03-18,32862.3,1.1983,1.3976,1732.2,1.73
2021-03-19,32627.97,1.1918,1.3925,1741.4,1.732
2021-03-22,32731.2,1.1883,1.3833,1737.8,1.684
2021-03-23,32423.15,1.1933,1.3863,1724.7,1.638
2021-03-24,32420.06,1.184,1.373,1732.9,1.614
2021-03-25,32619.48,1.1813,1.3689,1724.9,1.614
2021-03-26,33072.88,1.1777,1.3749,1732.2,1.66
2021-03-29,33171.37,1.1777,1.3749,1712.1,1.721
2021-03-30,33066.96,1.1771,1.3775,1683.9,1.726
2021-03-31,32981.55,1.1724,1.3747,1713.8,1.746
2021-04-01,33153.21,1.1729,1.3786,1726.5,1.679
2021-04-05,33527.19,1.1768,1.3831,1727.0,1.72
2021-04-06,33430.24,1.1819,1.3914,1741.5,1.656
2021-04-07,33446.26,1.1874,1.3831,1740.1,1.653
2021-04-08,33503.57,1.1874,1.3744,1756.8,1.632
2021-04-09,33800.6,1.1916,1.3734,1743.3,1.666
2021-04-12,33745.4,1.1901,1.3712,1731.2,1.675
2021-04-13,33677.27,1.1915,1.3754,1746.2,1.623
2021-04-14,33730.89,1.1954,1.376,1734.9,1.638
2021-04-15,34035.99,1.1986,1.3779,1765.4,1.53
2021-04-16,34200.67,1.1972,1.3785,1779.0,1.573
2021-04-19,34077.63,1.1969,1.3818,1769.4,1.601
2021-04-20,33821.3,1.2045,1.3994,1777.3,1.562
2021-04-21,34137.31,1.2032,1.3939,1792.3,1.564
2021-04-22,33815.9,1.2038,1.3932,1781.2,1.554
2021-04-23,34043.49,1.2015,1.384,1777.0,1.567
2021-04-26,33981.57,1.209,1.3866,1776.6,1.57
2021-04-27,33984.93,1.2082,1.3896,1778.0,1.622
2021-04-28,33820.38,1.209,1.3904,1773.2,1.62
2021-04-29,34060.36,1.2136,1.3957,1768.1,1.64
2021-04-30,33874.85,1.2127,1.3953,1767.3,1.631
