date,pnl,loss,var,exception
2016-12-30,248392.893085615,-248392.893085615,883340.3183035433,False
2017-01-03,114310.2568537446,-114310.2568537446,883340.3183035433,False
2017-01-04,39485.95404755007,-39485.95404755007,883340.3183035433,False
2017-01-05,561306.3211238317,-561306.3211238317,883340.3183035433,False
2017-01-06,168767.32827012686,-168767.32827012686,883340.3183035433,False
2017-01-09,-152036.27302487148,152036.27302487148,883340.3183035433,False
2017-01-10,-18211.88189094769,18211.88189094769,883340.3183035433,False
2017-01-11,271908.8259060465,-271908.8259060465,883340.3183035433,False
2017-01-12,72952.24619673134,-72952.24619673134,883340.3183035433,False
2017-01-13,-106076.40154610631,106076.40154610631,883340.3183035433,False
2017-01-17,109171.31230700042,-109171.31230700042,883340.3183035433,False
2017-01-18,263756.8416632579,-263756.8416632579,883340.3183035433,False
2017-01-19,-663929.10214274,663929.10214274,883340.3183035433,False
2017-01-20,314546.5051885687,-314546.5051885687,883340.3183035433,False
2017-01-23,385932.6871213159,-385932.6871213159,883340.3183035433,False
2017-01-24,164161.22954702072,-164161.22954702072,883340.3183035433,False
2017-01-25,-63963.2919811506,63963.2919811506,883340.3183035433,False
2017-01-26,119748.26957211192,-119748.26957211192,883340.3183035433,False
2017-01-27,-121786.63520199306,121786.63520199306,883340.3183035433,False
2017-01-30,-98593.0078332925,98593.0078332925,883340.3183035433,False
2017-01-31,3610.4186658891995,-3610.4186658891995,883340.3183035433,False
2017-02-01,201996.68685099704,-201996.68685099704,883340.3183035433,False
2017-02-02,125395.96212547134,-125395.96212547134,883340.3183035433,False
2017-02-03,177389.92535292092,-177389.92535292092,883340.3183035433,False
2017-02-06,313638.3392239289,-313638.3392239289,883340.3183035433,False
2017-02-07,90311.50507536888,-90311.50507536888,883340.3183035433,False
2017-02-08,-24858.981865952257,24858.981865952257,883340.3183035433,False
2017-02-09,117574.92708726392,-117574.92708726392,883340.3183035433,False
2017-02-10,39071.117918720876,-39071.117918720876,883340.3183035433,False
2017-02-13,-21034.10295167254,21034.10295167254,883340.3183035433,False
2017-02-14,51057.585323781575,-51057.585323781575,883340.3183035433,False
2017-02-15,118942.71138671918,-118942.71138671918,883340.3183035433,False
2017-02-16,299342.1767061311,-299342.1767061311,883340.3183035433,False
2017-02-17,178529.7554030635,-178529.7554030635,883340.3183035433,False
2017-02-21,64774.57921713114,-64774.57921713114,883340.3183035433,False
2017-02-22,-104243.76590311702,104243.76590311702,883340.3183035433,False
2017-02-23,351421.19522727723,-351421.19522727723,883340.3183035433,False
2017-02-24,415879.472203361,-415879.472203361,883340.3183035433,False
2017-02-27,-280498.27308228577,280498.27308228577,883340.3183035433,False
2017-02-28,18114.007785994258,-18114.007785994258,883340.3183035433,False
2017-03-01,125885.42026996112,-125885.42026996112,883340.3183035433,False
2017-03-02,-603868.8148825417,603868.8148825417,883340.3183035433,False
2017-03-03,-127772.38684337278,127772.38684337278,883340.3183035433,False
2017-03-06,126857.7561838119,-126857.7561838119,883340.3183035433,False
2017-03-07,-330610.7357258925,330610.7357258925,883340.3183035433,False
2017-03-08,-347491.45061262033,347491.45061262033,883340.3183035433,False
2017-03-09,-253046.14478155685,253046.14478155685,883340.3183035433,False
2017-03-10,136310.02503162067,-136310.02503162067,883340.3183035433,False
2017-03-13,143514.21581942358,-143514.21581942358,883340.3183035433,False
2017-03-14,-91879.9677697496,91879.9677697496,883340.3183035433,False
2017-03-15,271008.5285785341,-271008.5285785341,883340.3183035433,False
2017-03-16,610927.6869509288,-610927.6869509288,883340.3183035433,False
2017-03-17,182994.85979991924,-182994.85979991924,883340.3183035433,False
2017-03-20,69820.78171862471,-69820.78171862471,883340.3183035433,False
2017-03-21,-177549.68178362522,177549.68178362522,883340.3183035433,False
2017-03-22,357974.8926016673,-357974.8926016673,883340.3183035433,False
2017-03-23,-138115.36082833254,138115.36082833254,883340.3183035433,False
2017-03-24,-16637.39199058211,16637.39199058211,883340.3183035433,False
2017-03-27,195507.0448479901,-195507.0448479901,883340.3183035433,False
2017-03-28,219788.30133548402,-219788.30133548402,883340.3183035433,False
2017-03-29,-224793.6095547515,224793.6095547515,883340.3183035433,False
2017-03-30,-150274.1865697643,150274.1865697643,883340.3183035433,False
2017-03-31,-137638.48584064265,137638.48584064265,883340.3183035433,False
2017-04-03,151857.2506285104,-151857.2506285104,883340.3183035433,False
2017-04-04,79322.37985556311,-79322.37985556311,883340.3183035433,False
2017-04-05,-224635.5126583932,224635.5126583932,883340.3183035433,False
2017-04-06,143511.9706159116,-143511.9706159116,883340.3183035433,False
2017-04-07,-105228.20288804136,105228.20288804136,883340.3183035433,False
2017-04-10,-198767.47001972172,198767.47001972172,883340.3183035433,False
2017-04-11,457746.59259575466,-457746.59259575466,883340.3183035433,False
2017-04-12,31096.535178445898,-31096.535178445898,883340.3183035433,False
2017-04-13,208600.92941299645,-208600.92941299645,883340.3183035433,False
2017-04-17,180720.6127919958,-180720.6127919958,883340.3183035433,False
2017-04-18,98957.44671457374,-98957.44671457374,883340.3183035433,False
2017-04-19,6668.192017412199,-6668.192017412199,883340.3183035433,False
2017-04-20,132050.24741546833,-132050.24741546833,883340.3183035433,False
2017-04-21,37365.24382181084,-37365.24382181084,883340.3183035433,False
2017-04-24,458515.9083358959,-458515.9083358959,883340.3183035433,False
2017-04-25,81769.56830106385,-81769.56830106385,883340.3183035433,False
2017-04-26,122476.02732860905,-122476.02732860905,883340.3183035433,False
2017-04-27,44624.04477041382,-44624.04477041382,883340.3183035433,False
2017-04-28,-51303.54767884039,51303.54767884039,883340.3183035433,False
2017-05-01,-193885.6555840923,193885.6555840923,883340.3183035433,False
2017-05-02,129779.90952317553,-129779.90952317553,883340.3183035433,False
2017-05-03,-38701.599170121175,38701.599170121175,883340.3183035433,False
2017-05-04,-507770.0369825878,507770.0369825878,883340.3183035433,False
2017-05-05,293862.5002558858,-293862.5002558858,883340.3183035433,False
2017-05-08,-44217.77384272629,44217.77384272629,883340.3183035433,False
2017-05-09,-358184.84179752367,358184.84179752367,883340.3183035433,False
2017-05-10,-105355.37676188645,105355.37676188645,883340.3183035433,False
2017-05-11,18656.57754801686,-18656.57754801686,883340.3183035433,False
2017-05-12,126076.03340594519,-126076.03340594519,883340.3183035433,False
2017-05-15,275028.8658143718,-275028.8658143718,883340.3183035433,False
2017-05-16,210068.25857707468,-210068.25857707468,883340.3183035433,False
2017-05-17,148633.25504962174,-148633.25504962174,883340.3183035433,False
2017-05-18,136384.93291794398,-136384.93291794398,883340.3183035433,False
2017-05-19,137657.1966545137,-137657.1966545137,883340.3183035433,False
2017-05-22,430113.8611242927,-430113.8611242927,883340.3183035433,False
2017-05-23,-27915.374607117017,27915.374607117017,883340.3183035433,False
2017-05-24,7348.678620132654,-7348.678620132654,883340.3183035433,False
2017-05-25,296484.9324589669,-296484.9324589669,883340.3183035433,False
2017-05-26,77188.25916798954,-77188.25916798954,883340.3183035433,False
2017-05-30,-305242.03601003054,305242.03601003054,883340.3183035433,False
2017-05-31,208883.27264720452,-208883.27264720452,883340.3183035433,False
2017-06-01,294747.99838983436,-294747.99838983436,883340.3183035433,False
2017-06-02,324125.643841896,-324125.643841896,883340.3183035433,False
2017-06-05,37087.07405102319,-37087.07405102319,883340.3183035433,False
2017-06-06,171758.4879260775,-171758.4879260775,883340.3183035433,False
2017-06-07,-40425.69515371519,40425.69515371519,883340.3183035433,False
2017-06-08,-171619.11507566684,171619.11507566684,883340.3183035433,False
2017-06-09,-265163.36507341085,265163.36507341085,883340.3183035433,False
2017-06-12,-80132.95681912836,80132.95681912836,883340.3183035433,False
2017-06-13,99519.22971588808,-99519.22971588808,883340.3183035433,False
2017-06-14,418238.2655713524,-418238.2655713524,883340.3183035433,False
2017-06-15,-311934.29404439975,311934.29404439975,883340.3183035433,False
2017-06-16,-45891.505742361434,45891.505742361434,883340.3183035433,False
2017-06-19,163814.90781678885,-163814.90781678885,883340.3183035433,False
2017-06-20,-196607.85931861767,196607.85931861767,883340.3183035433,False
2017-06-21,-162001.68280515625,162001.68280515625,883340.3183035433,False
2017-06-22,123547.48196459928,-123547.48196459928,883340.3183035433,False
2017-06-23,92891.08309323335,-92891.08309323335,883340.3183035433,False
2017-06-26,62643.809589935656,-62643.809589935656,816165.4554840286,False
2017-06-27,-353873.7826499322,353873.7826499322,816165.4554840286,False
2017-06-28,544511.588196639,-544511.588196639,816165.4554840286,False
2017-06-29,-256548.08633856935,256548.08633856935,816165.4554840286,False
2017-06-30,130985.7396878722,-130985.7396878722,816165.4554840286,False
2017-07-03,183160.19838151344,-183160.19838151344,816165.4554840286,False
2017-07-05,-499753.26839117095,499753.26839117095,816165.4554840286,False
2017-07-06,-350765.2868180683,350765.2868180683,816165.4554840286,False
2017-07-07,100354.12377806866,-100354.12377806866,816165.4554840286,False
2017-07-10,-11809.218069656068,11809.218069656068,816165.4554840286,False
2017-07-11,41961.99957052781,-41961.99957052781,816165.4554840286,False
2017-07-12,443033.2376476798,-443033.2376476798,816165.4554840286,False
2017-07-13,-110042.27490129413,110042.27490129413,816165.4554840286,False
2017-07-14,351819.85773921286,-351819.85773921286,816165.4554840286,False
2017-07-17,339034.61802254675,-339034.61802254675,816165.4554840286,False
2017-07-18,81027.30031932627,-81027.30031932627,816165.4554840286,False
2017-07-19,217558.6711688915,-217558.6711688915,816165.4554840286,False
2017-07-20,-41044.270314856694,41044.270314856694,816165.4554840286,False
2017-07-21,271172.5739233506,-271172.5739233506,816165.4554840286,False
2017-07-24,-46282.70999030681,46282.70999030681,816165.4554840286,False
2017-07-25,-96829.07212620162,96829.07212620162,816165.4554840286,False
2017-07-26,243669.4577194837,-243669.4577194837,816165.4554840286,False
2017-07-27,404529.3133037087,-404529.3133037087,816165.4554840286,False
2017-07-28,116023.62696465307,-116023.62696465307,816165.4554840286,False
2017-07-31,219946.81402035974,-219946.81402035974,816165.4554840286,False
2017-08-01,459085.17678865837,-459085.17678865837,816165.4554840286,False
2017-08-02,34306.6233215572,-34306.6233215572,816165.4554840286,False
2017-08-03,136373.37044249463,-136373.37044249463,816165.4554840286,False
2017-08-04,-110018.18468430734,110018.18468430734,816165.4554840286,False
2017-08-07,-189476.8897378224,189476.8897378224,816165.4554840286,False
2017-08-08,-106647.00921722391,106647.00921722391,816165.4554840286,False
2017-08-09,127276.71155877193,-127276.71155877193,816165.4554840286,False
2017-08-10,-92872.28531230705,92872.28531230705,816165.4554840286,False
2017-08-11,112340.58312429962,-112340.58312429962,816165.4554840286,False
2017-08-14,216824.1128129305,-216824.1128129305,816165.4554840286,False
2017-08-15,-346141.2218933068,346141.2218933068,816165.4554840286,False
2017-08-16,43829.044150619506,-43829.044150619506,816165.4554840286,False
2017-08-17,-180898.12712444586,180898.12712444586,816165.4554840286,False
2017-08-18,-237776.45859864526,237776.45859864526,816165.4554840286,False
2017-08-21,216995.82998028878,-216995.82998028878,816165.4554840286,False
2017-08-22,276474.9114065223,-276474.9114065223,816165.4554840286,False
2017-08-23,-127998.71886360501,127998.71886360501,816165.4554840286,False
2017-08-24,-53541.43711850334,53541.43711850334,816165.4554840286,False
2017-08-25,155705.75259354012,-155705.75259354012,816165.4554840286,False
2017-08-28,549233.24977389,-549233.24977389,816165.4554840286,False
2017-08-29,224998.55882980314,-224998.55882980314,816165.4554840286,False
2017-08-30,-21271.587828554653,21271.587828554653,816165.4554840286,False
2017-08-31,103587.47216910767,-103587.47216910767,816165.4554840286,False
2017-09-01,112357.06520279164,-112357.06520279164,816165.4554840286,False
2017-09-05,-31359.030746008706,31359.030746008706,816165.4554840286,False
2017-09-06,75711.23771522747,-75711.23771522747,816165.4554840286,False
2017-09-07,220367.96510822186,-220367.96510822186,816165.4554840286,False
2017-09-08,242433.66017260848,-242433.66017260848,722981.8590832932,False
2017-09-11,142313.3186930547,-142313.3186930547,722981.8590832932,False
2017-09-12,-170639.99336650813,170639.99336650813,722981.8590832932,False
2017-09-13,67375.52692137775,-67375.52692137775,722981.8590832932,False
2017-09-14,-121461.46262722701,121461.46262722701,722981.8590832932,False
2017-09-15,239336.42584590355,-239336.42584590355,722981.8590832932,False
2017-09-18,27873.137698043996,-27873.137698043996,722981.8590832932,False
2017-09-19,19816.42044251498,-19816.42044251498,722981.8590832932,False
2017-09-20,102368.84883931595,-102368.84883931595,722981.8590832932,False
2017-09-21,-550775.1386956617,550775.1386956617,722981.8590832932,False
2017-09-22,247669.94682020758,-247669.94682020758,722981.8590832932,False
2017-09-25,92228.56920216352,-92228.56920216352,722981.8590832932,False
2017-09-26,-293992.80443277885,293992.80443277885,722981.8590832932,False
2017-09-27,-409061.45171102916,409061.45171102916,722981.8590832932,False
2017-09-28,-9548.367853080556,9548.367853080556,722981.8590832932,False
2017-09-29,25789.174572982134,-25789.174572982134,722981.8590832932,False
2017-10-02,123370.40447749027,-123370.40447749027,722981.8590832932,False
2017-10-03,-87956.1427138792,87956.1427138792,634499.5613852423,False
2017-10-04,64322.58895253451,-64322.58895253451,634499.5613852423,False
2017-10-05,90210.7483056397,-90210.7483056397,634499.5613852423,False
2017-10-06,-199795.40791791206,199795.40791791206,634499.5613852423,False
2017-10-09,152570.438042976,-152570.438042976,634499.5613852423,False
2017-10-10,295877.9426635583,-295877.9426635583,634499.5613852423,False
2017-10-11,184234.77825874166,-184234.77825874166,634499.5613852423,False
2017-10-12,200301.10119522992,-200301.10119522992,634499.5613852423,False
2017-10-13,212164.54359092252,-212164.54359092252,634499.5613852423,False
2017-10-16,32922.34645618177,-32922.34645618177,634499.5613852423,False
2017-10-17,-170054.81488571005,170054.81488571005,634499.5613852423,False
2017-10-18,22242.437152259503,-22242.437152259503,634499.5613852423,False
2017-10-19,187976.88592023688,-187976.88592023688,634499.5613852423,False
2017-10-20,32425.001576814073,-32425.001576814073,634499.5613852423,False
2017-10-23,-195019.78293194887,195019.78293194887,634499.5613852423,False
2017-10-24,167040.81489087868,-167040.81489087868,634499.5613852423,False
2017-10-25,-314753.04205953516,314753.04205953516,634499.5613852423,False
2017-10-26,193676.4837360905,-193676.4837360905,634499.5613852423,False
2017-10-27,-283882.2207665781,283882.2207665781,634499.5613852423,False
2017-10-30,31646.05380208796,-31646.05380208796,634499.5613852423,False
2017-10-31,86244.18863155291,-86244.18863155291,634499.5613852423,False
2017-11-01,229383.79145203138,-229383.79145203138,634499.5613852423,False
2017-11-02,135950.1444797506,-135950.1444797506,634499.5613852423,False
2017-11-03,-150344.48780461785,150344.48780461785,634499.5613852423,False
2017-11-06,164088.4126201825,-164088.4126201825,634499.5613852423,False
2017-11-07,47952.24282908683,-47952.24282908683,634499.5613852423,False
2017-11-08,34200.10975284215,-34200.10975284215,634499.5613852423,False
2017-11-09,-170516.36037749393,170516.36037749393,634499.5613852423,False
2017-11-10,-275912.16086047364,275912.16086047364,634499.5613852423,False
2017-11-13,89681.5475458501,-89681.5475458501,577852.91355097,False
2017-11-14,60830.62111681414,-60830.62111681414,577852.91355097,False
2017-11-15,95994.65893742278,-95994.65893742278,577852.91355097,False
2017-11-16,226944.072024331,-226944.072024331,577852.91355097,False
2017-11-17,88969.30192745014,-88969.30192745014,577852.91355097,False
2017-11-20,-256535.9590031585,256535.9590031585,577852.91355097,False
2017-11-21,385901.5365108687,-385901.5365108687,577852.91355097,False
2017-11-22,123465.98806835085,-123465.98806835085,577852.91355097,False
2017-11-24,292745.028372946,-292745.028372946,577852.91355097,False
2017-11-27,178661.91969261426,-178661.91969261426,577852.91355097,False
2017-11-28,328582.7253472307,-328582.7253472307,577852.91355097,False
2017-11-29,-151798.8247240143,151798.8247240143,577852.91355097,False
2017-11-30,323917.6337258581,-323917.6337258581,577852.91355097,False
2017-12-01,306546.33822961466,-306546.33822961466,577852.91355097,False
2017-12-04,-101328.31839293976,101328.31839293976,577852.91355097,False
2017-12-05,-250234.41893979875,250234.41893979875,577852.91355097,False
2017-12-06,-81748.1910067297,81748.1910067297,577852.91355097,False
2017-12-07,-233265.331152559,233265.331152559,577852.91355097,False
2017-12-08,111887.63440034442,-111887.63440034442,577852.91355097,False
2017-12-11,-12882.945294859786,12882.945294859786,577852.91355097,False
2017-12-12,44233.47317348169,-44233.47317348169,577852.91355097,False
2017-12-13,251825.5505576994,-251825.5505576994,577852.91355097,False
2017-12-14,226097.65564572837,-226097.65564572837,529702.6388562551,False
2017-12-15,101885.60793660153,-101885.60793660153,529702.6388562551,False
2017-12-18,62388.60668219767,-62388.60668219767,529702.6388562551,False
2017-12-19,-132016.7058128635,132016.7058128635,529702.6388562551,False
2017-12-20,40745.584997627375,-40745.584997627375,529702.6388562551,False
2017-12-21,184263.83841955272,-184263.83841955272,529702.6388562551,False
2017-12-22,16627.08134391065,-16627.08134391065,529702.6388562551,False
2017-12-26,160220.39148048448,-160220.39148048448,529702.6388562551,False
2017-12-27,180090.16137651936,-180090.16137651936,529702.6388562551,False
2017-12-28,221257.90568661602,-221257.90568661602,529702.6388562551,False
2017-12-29,138727.07807077392,-138727.07807077392,529702.6388562551,False
2018-01-02,252657.97673593715,-252657.97673593715,529702.6388562551,False
2018-01-03,360489.4468343867,-360489.4468343867,529702.6388562551,False
2018-01-04,85170.37290695416,-85170.37290695416,529702.6388562551,False
2018-01-05,390179.23030091665,-390179.23030091665,529702.6388562551,False
2018-01-08,-83179.05448597508,83179.05448597508,529702.6388562551,False
2018-01-09,-216189.66833995836,216189.66833995836,529702.6388562551,False
2018-01-10,-65043.07833603061,65043.07833603061,529702.6388562551,False
2018-01-11,398814.26964592625,-398814.26964592625,529702.6388562551,False
2018-01-12,570866.3805170344,-570866.3805170344,529702.6388562551,False
2018-01-16,592881.473559303,-592881.473559303,529702.6388562551,False
2018-01-17,387834.8769774575,-387834.8769774575,529702.6388562551,False
2018-01-18,-468935.3075336444,468935.3075336444,503841.8203727935,False
2018-01-19,209715.31687286936,-209715.31687286936,503841.8203727935,False
2018-01-22,137807.18124475732,-137807.18124475732,503841.8203727935,False
2018-01-23,220115.56412880996,-220115.56412880996,503841.8203727935,False
2018-01-24,318011.46408872434,-318011.46408872434,503841.8203727935,False
2018-01-25,619090.6978058973,-619090.6978058973,503841.8203727935,False
2018-01-26,27224.833224395727,-27224.833224395727,503841.8203727935,False
2018-01-29,-268155.67934479757,268155.67934479757,503841.8203727935,False
2018-01-30,-853798.2072995071,853798.2072995071,503841.8203727935,True
2018-01-31,255711.59074957995,-255711.59074957995,529702.6388562551,False
2018-02-01,23117.190959929227,-23117.190959929227,529702.6388562551,False
2018-02-02,-1017563.9741678683,1017563.9741678683,529702.6388562551,True
2018-02-05,-1679644.0711660825,1679644.0711660825,577852.91355097,True
2018-02-06,557230.7393015742,-557230.7393015742,731332.8050151918,False
2018-02-07,-349518.66949960834,349518.66949960834,731332.8050151918,False
2018-02-08,-1648976.7245333064,1648976.7245333064,731332.8050151918,True
2018-02-09,525363.3069998681,-525363.3069998681,937318.7484023698,False
2018-02-12,559980.5739250851,-559980.5739250851,937318.7484023698,False
2018-02-13,243744.1280442998,-243744.1280442998,937318.7484023698,False
2018-02-14,592931.3945067849,-592931.3945067849,937318.7484023698,False
2018-02-15,724675.0770473714,-724675.0770473714,937318.7484023698,False
2018-02-16,195747.71934933623,-195747.71934933623,937318.7484023698,False
2018-02-20,-910498.3429028833,910498.3429028833,937318.7484023698,False
2018-02-21,-443058.9950764602,443058.9950764602,965101.8148480246,False
2018-02-22,153297.55169803282,-153297.55169803282,965101.8148480246,False
2018-02-23,679380.7739612639,-679380.7739612639,965101.8148480246,False
2018-02-26,556231.500273655,-556231.500273655,965101.8148480246,False
2018-02-27,-655444.2255073239,655444.2255073239,965101.8148480246,False
2018-02-28,-607175.8195920275,607175.8195920275,965101.8148480246,False
2018-03-01,-744376.1975587622,744376.1975587622,965101.8148480246,False
2018-03-02,122679.60837538613,-122679.60837538613,965101.8148480246,False
2018-03-05,472424.26956893515,-472424.26956893515,965101.8148480246,False
2018-03-06,276608.33964603726,-276608.33964603726,965101.8148480246,False
2018-03-07,-52543.24847001557,52543.24847001557,965101.8148480246,False
2018-03-08,107032.96565341414,-107032.96565341414,965101.8148480246,False
2018-03-09,331854.7703823327,-331854.7703823327,965101.8148480246,False
2018-03-12,-152353.9187834383,152353.9187834383,965101.8148480246,False
2018-03-13,-20987.791038595817,20987.791038595817,965101.8148480246,False
2018-03-14,-157550.19292917225,157550.19292917225,965101.8148480246,False
2018-03-15,28936.485812189883,-28936.485812189883,965101.8148480246,False
2018-03-16,-147036.5935154616,147036.5935154616,965101.8148480246,False
2018-03-19,-443058.2801369404,443058.2801369404,965101.8148480246,False
2018-03-20,165557.98044108337,-165557.98044108337,965101.8148480246,False
2018-03-21,-175863.92381837458,175863.92381837458,965101.8148480246,False
2018-03-22,-515344.4207457518,515344.4207457518,965101.8148480246,False
2018-03-23,-417924.3052704495,417924.3052704495,965101.8148480246,False
2018-03-26,1090206.484663677,-1090206.484663677,965101.8148480246,False
2018-03-27,-270269.30216866697,270269.30216866697,965101.8148480246,False
2018-03-28,-300276.4114794754,300276.4114794754,965101.8148480246,False
2018-03-29,217242.3453507988,-217242.3453507988,965101.8148480246,False
2018-04-02,-448372.1501878645,448372.1501878645,965101.8148480246,False
2018-04-03,314442.27821892273,-314442.27821892273,965101.8148480246,False
2018-04-04,352968.0374362476,-352968.0374362476,965101.8148480246,False
2018-04-05,134913.80916622328,-134913.80916622328,965101.8148480246,False
2018-04-06,-702089.4571298484,702089.4571298484,965101.8148480246,False
2018-04-09,180085.27363155613,-180085.27363155613,965101.8148480246,False
2018-04-10,778272.4121449358,-778272.4121449358,965101.8148480246,False
2018-04-11,-36150.12847966445,36150.12847966445,965101.8148480246,False
2018-04-12,134161.26552073518,-134161.26552073518,965101.8148480246,False
2018-04-13,-124841.29283773236,124841.29283773236,965101.8148480246,False
2018-04-16,339692.34155867493,-339692.34155867493,965101.8148480246,False
2018-04-17,496889.4089954506,-496889.4089954506,965101.8148480246,False
2018-04-18,-193166.54899003252,193166.54899003252,965101.8148480246,False
2018-04-19,-339333.0013255946,339333.0013255946,965101.8148480246,False
2018-04-20,-627951.4689783166,627951.4689783166,965101.8148480246,False
2018-04-23,-412626.23414256686,412626.23414256686,965101.8148480246,False
2018-04-24,-681843.7207957751,681843.7207957751,965101.8148480246,False
2018-04-25,-37843.298797699535,37843.298797699535,965101.8148480246,False
2018-04-26,223946.69104503276,-223946.69104503276,965101.8148480246,False
2018-04-27,-4183.989033580961,4183.989033580961,965101.8148480246,False
2018-04-30,-292068.1339573372,292068.1339573372,965101.8148480246,False
2018-05-01,-402727.51925899077,402727.51925899077,965101.8148480246,False
2018-05-02,-502309.4003780598,502309.4003780598,965101.8148480246,False
2018-05-03,51741.01924712792,-51741.01924712792,965101.8148480246,False
2018-05-04,576114.5715238258,-576114.5715238258,965101.8148480246,False
2018-05-07,29864.10243512372,-29864.10243512372,965101.8148480246,False
2018-05-08,-52683.64077984366,52683.64077984366,965101.8148480246,False
2018-05-09,43327.10330507583,-43327.10330507583,965101.8148480246,False
2018-05-10,430805.2560256381,-430805.2560256381,965101.8148480246,False
2018-05-11,212824.0199852144,-212824.0199852144,965101.8148480246,False
2018-05-14,87735.3915913348,-87735.3915913348,965101.8148480246,False
2018-05-15,-827500.0004452575,827500.0004452575,965101.8148480246,False
2018-05-16,-163912.27924987374,163912.27924987374,965101.8148480246,False
2018-05-17,-107111.95235232229,107111.95235232229,965101.8148480246,False
2018-05-18,68267.9625565985,-68267.9625565985,965101.8148480246,False
2018-05-21,351697.96361668396,-351697.96361668396,965101.8148480246,False
2018-05-22,-223758.29062274419,223758.29062274419,965101.8148480246,False
2018-05-23,202591.120229883,-202591.120229883,965101.8148480246,False
2018-05-24,-69117.80923392726,69117.80923392726,965101.8148480246,False
2018-05-25,68814.44749257558,-68814.44749257558,965101.8148480246,False
2018-05-29,-413051.8528342853,413051.8528342853,965101.8148480246,False
2018-05-30,89510.8103826991,-89510.8103826991,965101.8148480246,False
2018-05-31,-79110.5370289902,79110.5370289902,965101.8148480246,False
2018-06-01,119150.87616012734,-119150.87616012734,965101.8148480246,False
2018-06-04,138245.29792219156,-138245.29792219156,965101.8148480246,False
2018-06-05,101599.10780560112,-101599.10780560112,965101.8148480246,False
2018-06-06,454580.45215393533,-454580.45215393533,965101.8148480246,False
2018-06-07,368322.42066905275,-368322.42066905275,965101.8148480246,False
2018-06-08,101967.75066189657,-101967.75066189657,965101.8148480246,False
2018-06-11,-55142.924589700604,55142.924589700604,965101.8148480246,False
2018-06-12,-92858.8879739628,92858.8879739628,965101.8148480246,False
2018-06-13,-239287.34772721946,239287.34772721946,965101.8148480246,False
2018-06-14,233285.077447577,-233285.077447577,965101.8148480246,False
2018-06-15,-903472.3025651871,903472.3025651871,965101.8148480246,False
2018-06-18,-66144.12649126934,66144.12649126934,965101.8148480246,False
2018-06-19,-278604.939220865,278604.939220865,965101.8148480246,False
2018-06-20,-336417.3809624549,336417.3809624549,965101.8148480246,False
2018-06-21,-263789.03947110113,263789.03947110113,965101.8148480246,False
2018-06-22,267449.5702846458,-267449.5702846458,965101.8148480246,False
2018-06-25,-320614.87738844927,320614.87738844927,965101.8148480246,False
2018-06-26,8672.101242191424,-8672.101242191424,965101.8148480246,False
2018-06-27,-284932.82707120036,284932.82707120036,965101.8148480246,False
2018-06-28,-191011.59035686764,191011.59035686764,965101.8148480246,False
2018-06-29,81058.81367601376,-81058.81367601376,965101.8148480246,False
2018-07-02,173585.44823725062,-173585.44823725062,965101.8148480246,False
2018-07-03,-302402.73304689204,302402.73304689204,965101.8148480246,False
2018-07-05,639135.8307639539,-639135.8307639539,965101.8148480246,False
2018-07-06,186074.09026363207,-186074.09026363207,965101.8148480246,False
2018-07-09,581254.8950469011,-581254.8950469011,965101.8148480246,False
2018-07-10,95261.79130048277,-95261.79130048277,965101.8148480246,False
2018-07-11,-412262.4018510735,412262.4018510735,965101.8148480246,False
2018-07-12,196353.27044749353,-196353.27044749353,965101.8148480246,False
2018-07-13,81115.99960010764,-81115.99960010764,965101.8148480246,False
2018-07-16,35935.966811999635,-35935.966811999635,965101.8148480246,False
2018-07-17,-30265.777575526077,30265.777575526077,965101.8148480246,False
2018-07-18,-103397.69228454253,103397.69228454253,965101.8148480246,False
2018-07-19,-198296.4191572101,198296.4191572101,965101.8148480246,False
2018-07-20,-68384.73324834948,68384.73324834948,965101.8148480246,False
2018-07-23,-16909.233637917292,16909.233637917292,965101.8148480246,False
2018-07-24,199769.65350028072,-199769.65350028072,965101.8148480246,False
2018-07-25,386846.88353202044,-386846.88353202044,965101.8148480246,False
2018-07-26,109267.0181338679,-109267.0181338679,965101.8148480246,False
2018-07-27,-330576.7805481658,330576.7805481658,965101.8148480246,False
2018-07-30,-220302.42469202547,220302.42469202547,965101.8148480246,False
2018-07-31,305000.1471902264,-305000.1471902264,965101.8148480246,False
2018-08-01,-319592.53335698764,319592.53335698764,965101.8148480246,False
2018-08-02,-96003.9708160465,96003.9708160465,965101.8148480246,False
2018-08-03,96204.22410467234,-96204.22410467234,965101.8148480246,False
2018-08-06,-29432.18669045622,29432.18669045622,965101.8148480246,False
2018-08-07,46549.44889398661,-46549.44889398661,965101.8148480246,False
2018-08-08,59942.98140622688,-59942.98140622688,965101.8148480246,False
2018-08-09,-57021.74838047412,57021.74838047412,965101.8148480246,False
2018-08-10,-275724.41038355045,275724.41038355045,965101.8148480246,False
2018-08-13,-746344.3080065484,746344.3080065484,965101.8148480246,False
2018-08-14,149518.6990292163,-149518.6990292163,965101.8148480246,False
2018-08-15,-412850.5259956139,412850.5259956139,965101.8148480246,False
2018-08-16,464809.87794528925,-464809.87794528925,965101.8148480246,False
2018-08-17,214412.7911658611,-214412.7911658611,965101.8148480246,False
2018-08-20,521188.06452176266,-521188.06452176266,965101.8148480246,False
2018-08-21,244613.7564103268,-244613.7564103268,965101.8148480246,False
2018-08-22,208169.9097080353,-208169.9097080353,965101.8148480246,False
2018-08-23,-202773.93333463345,202773.93333463345,965101.8148480246,False
2018-08-24,267981.47300607926,-267981.47300607926,965101.8148480246,False
2018-08-27,553145.4053023276,-553145.4053023276,965101.8148480246,False
2018-08-28,-2447.7147374923807,2447.7147374923807,965101.8148480246,False
2018-08-29,34777.92667076707,-34777.92667076707,965101.8148480246,False
2018-08-30,-46036.905140925934,46036.905140925934,965101.8148480246,False
2018-08-31,-75737.61149158308,75737.61149158308,965101.8148480246,False
2018-09-04,-428975.2552383574,428975.2552383574,965101.8148480246,False
2018-09-05,1264.5329570892827,-1264.5329570892827,965101.8148480246,False
2018-09-06,250476.66046474347,-250476.66046474347,965101.8148480246,False
2018-09-07,-336192.9149722953,336192.9149722953,965101.8148480246,False
2018-09-10,-173034.37168903314,173034.37168903314,965101.8148480246,False
2018-09-11,219266.65307693163,-219266.65307693163,965101.8148480246,False
2018-09-12,181566.02335415938,-181566.02335415938,965101.8148480246,False
2018-09-13,243565.19044645975,-243565.19044645975,965101.8148480246,False
2018-09-14,5708.875762303607,-5708.875762303607,965101.8148480246,False
2018-09-17,-219103.24961364304,219103.24961364304,965101.8148480246,False
2018-09-18,219104.74831147722,-219104.74831147722,965101.8148480246,False
2018-09-19,227526.83893224935,-227526.83893224935,965101.8148480246,False
2018-09-20,366326.7716026497,-366326.7716026497,965101.8148480246,False
2018-09-21,286187.5726758506,-286187.5726758506,965101.8148480246,False
2018-09-24,-409977.89794084744,409977.89794084744,965101.8148480246,False
2018-09-25,-111579.49507795804,111579.49507795804,965101.8148480246,False
2018-09-26,-48723.62305199665,48723.62305199665,965101.8148480246,False
2018-09-27,-91106.3816189328,91106.3816189328,965101.8148480246,False
2018-09-28,-120960.33628626655,120960.33628626655,965101.8148480246,False
2018-10-01,54202.295331582405,-54202.295331582405,965101.8148480246,False
2018-10-02,371807.8084669874,-371807.8084669874,965101.8148480246,False
2018-10-03,-334912.6137396607,334912.6137396607,965101.8148480246,False
2018-10-04,-529035.4525263641,529035.4525263641,965101.8148480246,False
2018-10-05,-119712.47247797801,119712.47247797801,965101.8148480246,False
2018-10-08,-89444.73736065438,89444.73736065438,965101.8148480246,False
2018-10-09,-52550.61347917644,52550.61347917644,965101.8148480246,False
2018-10-10,-1045994.8052501555,1045994.8052501555,965101.8148480246,True
2018-10-11,-1859.426294882287,1859.426294882287,1032063.6980198345,False
2018-10-12,434263.21144966304,-434263.21144966304,1032063.6980198345,False
2018-10-15,-241858.82621889422,241858.82621889422,1032063.6980198345,False
2018-10-16,882240.9208561699,-882240.9208561699,1032063.6980198345,False
2018-10-17,-215448.12822236802,215448.12822236802,1032063.6980198345,False
2018-10-18,-592008.5745049663,592008.5745049663,1032063.6980198345,False
2018-10-19,-115036.36123299964,115036.36123299964,1032063.6980198345,False
2018-10-22,-102795.36320755568,102795.36320755568,1032063.6980198345,False
2018-10-23,-96331.74037201372,96331.74037201372,1032063.6980198345,False
2018-10-24,-787561.406198274,787561.406198274,1032063.6980198345,False
2018-10-25,356338.70205409976,-356338.70205409976,1032063.6980198345,False
2018-10-26,-311726.7082845038,311726.7082845038,1032063.6980198345,False
2018-10-29,-428654.6485051046,428654.6485051046,1032063.6980198345,False
2018-10-30,474452.3625398295,-474452.3625398295,1032063.6980198345,False
2018-10-31,-34988.31471444141,34988.31471444141,1032063.6980198345,False
2018-11-01,696097.7158479419,-696097.7158479419,1032063.6980198345,False
2018-11-02,-52435.706806492904,52435.706806492904,1032063.6980198345,False
2018-11-05,276217.7386458597,-276217.7386458597,1032063.6980198345,False
2018-11-06,198853.6118931289,-198853.6118931289,1032063.6980198345,False
2018-11-07,864093.939078977,-864093.939078977,1032063.6980198345,False
2018-11-08,-74810.24623981702,74810.24623981702,1032063.6980198345,False
2018-11-09,-522387.5158410223,522387.5158410223,1032063.6980198345,False
2018-11-12,-1041164.5872240884,1041164.5872240884,1032063.6980198345,True
2018-11-13,-286843.4854319873,286843.4854319873,1043627.9984173826,False
2018-11-14,146405.66360566046,-146405.66360566046,1043627.9984173826,False
2018-11-15,337442.1926644866,-337442.1926644866,1043627.9984173826,False
2018-11-16,234830.9642818258,-234830.9642818258,1043627.9984173826,False
2018-11-19,-265452.1129555115,265452.1129555115,1043627.9984173826,False
2018-11-20,-706882.4303219494,706882.4303219494,1043627.9984173826,False
2018-11-21,-150308.74296721455,150308.74296721455,1043627.9984173826,False
2018-11-23,-133164.31040961307,133164.31040961307,1043627.9984173826,False
2018-11-26,249098.89150959882,-249098.89150959882,1043627.9984173826,False
2018-11-27,78909.47170276497,-78909.47170276497,1043627.9984173826,False
2018-11-28,914303.9738575043,-914303.9738575043,1043627.9984173826,False
2018-11-29,204270.0504765194,-204270.0504765194,1043627.9984173826,False
2018-11-30,293969.19729365985,-293969.19729365985,1043627.9984173826,False
2018-12-03,501794.99915507855,-501794.99915507855,1043627.9984173826,False
2018-12-04,-824013.8450487716,824013.8450487716,1043627.9984173826,False
2018-12-06,-36294.37020088501,36294.37020088501,1043627.9984173826,False
2018-12-07,-527557.1576545914,527557.1576545914,1043627.9984173826,False
2018-12-10,-2730.691644135517,2730.691644135517,1043627.9984173826,False
2018-12-11,-358152.75040535,358152.75040535,1043627.9984173826,False
2018-12-12,74207.898691403,-74207.898691403,1043627.9984173826,False
2018-12-13,264230.7619953188,-264230.7619953188,1043627.9984173826,False
2018-12-14,-721045.3850965475,721045.3850965475,1043627.9984173826,False
2018-12-17,-682550.2428391211,682550.2428391211,1043627.9984173826,False
2018-12-18,325941.2668310424,-325941.2668310424,1043627.9984173826,False
2018-12-19,-293048.23877403233,293048.23877403233,1043627.9984173826,False
2018-12-20,-581071.96403771,581071.96403771,1043627.9984173826,False
2018-12-21,-607149.3093619063,607149.3093619063,1043627.9984173826,False
2018-12-24,-1181725.0075359975,1181725.0075359975,1043627.9984173826,True
2018-12-26,2023584.228655687,-2023584.228655687,1115217.2084159337,False
2018-12-27,501170.48849721893,-501170.48849721893,1115217.2084159337,False
2018-12-28,53296.39446270185,-53296.39446270185,1115217.2084159337,False
2018-12-31,562212.6778285009,-562212.6778285009,1115217.2084159337,False
2019-01-02,208087.75971170366,-208087.75971170366,1115217.2084159337,False
2019-01-03,-1028687.7407026663,1028687.7407026663,1115217.2084159337,False
2019-01-04,998650.300476843,-998650.300476843,1115217.2084159337,False
2019-01-07,254396.76959085776,-254396.76959085776,1115217.2084159337,False
2019-01-08,416699.30942892446,-416699.30942892446,1115217.2084159337,False
2019-01-09,96833.14969988089,-96833.14969988089,1115217.2084159337,False
2019-01-10,340480.926463999,-340480.926463999,1115217.2084159337,False
2019-01-11,-19509.307244695563,19509.307244695563,1115217.2084159337,False
2019-01-14,-136400.53547804788,136400.53547804788,1115217.2084159337,False
2019-01-15,233890.29536646453,-233890.29536646453,1115217.2084159337,False
2019-01-16,118919.17165342435,-118919.17165342435,1115217.2084159337,False
2019-01-17,161211.841468743,-161211.841468743,1115217.2084159337,False
2019-01-18,349992.3206488626,-349992.3206488626,1115217.2084159337,False
2019-01-22,-391580.4116136923,391580.4116136923,1115217.2084159337,False
2019-01-23,232358.87478908035,-232358.87478908035,1115217.2084159337,False
2019-01-24,166797.62795564823,-166797.62795564823,1115217.2084159337,False
2019-01-25,274949.1778948276,-274949.1778948276,1115217.2084159337,False
2019-01-28,25170.942502580318,-25170.942502580318,1115217.2084159337,False
2019-01-29,214077.97930952598,-214077.97930952598,1115217.2084159337,False
2019-01-30,629215.7019005883,-629215.7019005883,1115217.2084159337,False
2019-01-31,361954.25927656237,-361954.25927656237,1115217.2084159337,False
2019-02-01,-154171.1724775491,154171.1724775491,1115217.2084159337,False
2019-02-04,117253.67037226321,-117253.67037226321,1115217.2084159337,False
2019-02-05,224233.42054147142,-224233.42054147142,1043627.9984173826,False
2019-02-06,-185129.80914272447,185129.80914272447,1043627.9984173826,False
2019-02-07,-275348.67587443336,275348.67587443336,1043627.9984173826,False
2019-02-08,-24537.61560685496,24537.61560685496,1035050.9324285914,False
2019-02-11,-258918.41348141042,258918.41348141042,1035050.9324285914,False
2019-02-12,352448.1717875793,-352448.1717875793,1035050.9324285914,False
2019-02-13,241156.7346536758,-241156.7346536758,1035050.9324285914,False
2019-02-14,-176942.1236358554,176942.1236358554,1035050.9324285914,False
2019-02-15,690596.6871427072,-690596.6871427072,1035050.9324285914,False
2019-02-19,437327.52811363793,-437327.52811363793,1035050.9324285914,False
2019-02-20,264457.50088032294,-264457.50088032294,1035050.9324285914,False
2019-02-21,-453047.43783497304,453047.43783497304,1035050.9324285914,False
2019-02-22,384052.3529210782,-384052.3529210782,1035050.9324285914,False
2019-02-25,16025.426388925342,-16025.426388925342,1035050.9324285914,False
2019-02-26,130415.19811296088,-130415.19811296088,1035050.9324285914,False
2019-02-27,-180298.64473795233,180298.64473795233,1035050.9324285914,False
2019-02-28,-171497.5136240876,171497.5136240876,1035050.9324285914,False
2019-03-01,-200494.74872335658,200494.74872335658,1035050.9324285914,False
2019-03-04,-343217.03636981116,343217.03636981116,1035050.9324285914,False
2019-03-05,-164977.16968499887,164977.16968499887,1035050.9324285914,False
2019-03-06,-141296.48482631153,141296.48482631153,1035050.9324285914,False
2019-03-07,-114427.12475117858,114427.12475117858,1035050.9324285914,False
2019-03-08,-123189.03602008104,123189.03602008104,1035050.9324285914,False
2019-03-11,117379.74304215866,-117379.74304215866,1035050.9324285914,False
2019-03-12,300032.31062327104,-300032.31062327104,1035050.9324285914,False
2019-03-13,229986.52569879545,-229986.52569879545,1035050.9324285914,False
2019-03-14,45904.572281786335,-45904.572281786335,1035050.9324285914,False
2019-03-15,318130.0516850638,-318130.0516850638,1035050.9324285914,False
2019-03-18,98422.93945658054,-98422.93945658054,1035050.9324285914,False
2019-03-19,-8419.280968347539,8419.280968347539,1035050.9324285914,False
2019-03-20,-7018.52640867696,7018.52640867696,1035050.9324285914,False
2019-03-21,433219.31174136733,-433219.31174136733,1035050.9324285914,False
2019-03-22,-500252.65995593206,500252.65995593206,1035050.9324285914,False
2019-03-25,143420.23226833754,-143420.23226833754,1035050.9324285914,False
2019-03-26,163493.25715949768,-163493.25715949768,1035050.9324285914,False
2019-03-27,-69550.0148996303,69550.0148996303,1035050.9324285914,False
2019-03-28,-226893.1898797971,226893.1898797971,1035050.9324285914,False
2019-03-29,150082.16536931187,-150082.16536931187,1035050.9324285914,False
2019-04-01,147512.11273079488,-147512.11273079488,1035050.9324285914,False
2019-04-02,-43810.34904195558,43810.34904195558,1035050.9324285914,False
2019-04-03,2553.4627370255184,-2553.4627370255184,1035050.9324285914,False
2019-04-04,338387.0317403503,-338387.0317403503,1035050.9324285914,False
2019-04-05,-15902.654698560775,15902.654698560775,1035050.9324285914,False
2019-04-08,-118848.58295584166,118848.58295584166,1035050.9324285914,False
2019-04-09,-45685.49396141429,45685.49396141429,1035050.9324285914,False
2019-04-10,143200.58112535893,-143200.58112535893,1035050.9324285914,False
2019-04-11,-271356.70188697724,271356.70188697724,1035050.9324285914,False
2019-04-12,182546.45794336556,-182546.45794336556,1035050.9324285914,False
2019-04-15,36445.27781749341,-36445.27781749341,1035050.9324285914,False
2019-04-16,-158447.69984115328,158447.69984115328,1035050.9324285914,False
2019-04-17,-87726.94875049114,87726.94875049114,1035050.9324285914,False
2019-04-18,237924.5472439151,-237924.5472439151,1035050.9324285914,False
2019-04-22,-246602.10656946068,246602.10656946068,1035050.9324285914,False
2019-04-23,207303.85421557637,-207303.85421557637,1035050.9324285914,False
2019-04-24,20057.133509194246,-20057.133509194246,1035050.9324285914,False
2019-04-25,-356104.6467627887,356104.6467627887,1035050.9324285914,False
2019-04-26,251290.91585012642,-251290.91585012642,1035050.9324285914,False
2019-04-29,-94506.85148104321,94506.85148104321,1035050.9324285914,False
2019-04-30,239612.10277640313,-239612.10277640313,1035050.9324285914,False
2019-05-01,-96653.44733686853,96653.44733686853,1035050.9324285914,False
2019-05-02,-418259.2187654849,418259.2187654849,1035050.9324285914,False
2019-05-03,363501.6410326275,-363501.6410326275,1035050.9324285914,False
2019-05-06,131058.85857210122,-131058.85857210122,1035050.9324285914,False
2019-05-07,-486554.69486320496,486554.69486320496,1035050.9324285914,False
2019-05-08,-172438.2780492889,172438.2780492889,1035050.9324285914,False
2019-05-09,-107845.56306656536,107845.56306656536,1035050.9324285914,False
2019-05-10,226533.6052369549,-226533.6052369549,1035050.9324285914,False
2019-05-13,-514213.1979981812,514213.1979981812,1035050.9324285914,False
2019-05-14,146629.2435403599,-146629.2435403599,1035050.9324285914,False
2019-05-15,182678.3570669932,-182678.3570669932,1035050.9324285914,False
2019-05-16,56817.82594349208,-56817.82594349208,1035050.9324285914,False
2019-05-17,-323920.1984894053,323920.1984894053,1035050.9324285914,False
2019-05-20,-220597.03175915434,220597.03175915434,1035050.9324285914,False
2019-05-21,200699.25740656472,-200699.25740656472,1035050.9324285914,False
2019-05-22,-34859.42195605497,34859.42195605497,1035050.9324285914,False
2019-05-23,-90250.9917881756,90250.9917881756,1035050.9324285914,False
2019-05-24,94305.21481533282,-94305.21481533282,1035050.9324285914,False
2019-05-28,-231941.14298196236,231941.14298196236,1035050.9324285914,False
2019-05-29,-235914.3853525031,235914.3853525031,1035050.9324285914,False
2019-05-30,73829.53957454252,-73829.53957454252,1035050.9324285914,False
2019-05-31,-88810.93957369853,88810.93957369853,1035050.9324285914,False
2019-06-03,454371.6699192923,-454371.6699192923,1035050.9324285914,False
2019-06-04,783365.0965825533,-783365.0965825533,1035050.9324285914,False
2019-06-05,377100.70459098683,-377100.70459098683,1035050.9324285914,False
2019-06-06,295241.5905702144,-295241.5905702144,1035050.9324285914,False
2019-06-07,591221.0145598496,-591221.0145598496,1035050.9324285914,False
2019-06-10,-130025.01197609259,130025.01197609259,1035050.9324285914,False
2019-06-11,-20964.35344073777,20964.35344073777,1035050.9324285914,False
2019-06-12,83215.77375534072,-83215.77375534072,1035050.9324285914,False
2019-06-13,225033.7546705894,-225033.7546705894,1035050.9324285914,False
2019-06-14,-56495.35925082105,56495.35925082105,1035050.9324285914,False
2019-06-17,-145370.7843658053,145370.7843658053,1035050.9324285914,False
2019-06-18,598069.928458016,-598069.928458016,1035050.9324285914,False
2019-06-19,77910.15687895309,-77910.15687895309,1035050.9324285914,False
2019-06-20,1080922.2067908687,-1080922.2067908687,1035050.9324285914,False
2019-06-21,-32980.550054417254,32980.550054417254,1035050.9324285914,False
2019-06-24,514387.6898990596,-514387.6898990596,1035050.9324285914,False
2019-06-25,-143234.20246163622,143234.20246163622,1035050.9324285914,False
2019-06-26,-278607.1781874605,278607.1781874605,1035050.9324285914,False
2019-06-27,76801.06449389935,-76801.06449389935,1035050.9324285914,False
2019-06-28,103110.84641194012,-103110.84641194012,1035050.9324285914,False
2019-07-01,-186740.98266284633,186740.98266284633,1035050.9324285914,False
2019-07-02,264755.8857986176,-264755.8857986176,1035050.9324285914,False
2019-07-03,207765.87800856336,-207765.87800856336,1035050.9324285914,False
2019-07-05,-345622.5680042657,345622.5680042657,1035050.9324285914,False
2019-07-08,-262411.0072879826,262411.0072879826,1035050.9324285914,False
2019-07-09,-101783.81361687082,101783.81361687082,1035050.9324285914,False
2019-07-10,158177.18498826184,-158177.18498826184,1035050.9324285914,False
2019-07-11,218075.14743347914,-218075.14743347914,1035050.9324285914,False
2019-07-12,409577.32517549524,-409577.32517549524,1035050.9324285914,False
2019-07-15,160377.10949856509,-160377.10949856509,1035050.9324285914,False
2019-07-16,-189178.14922749408,189178.14922749408,1035050.9324285914,False
2019-07-17,-40418.18048771573,40418.18048771573,1035050.9324285914,False
2019-07-18,162808.53624335845,-162808.53624335845,1035050.9324285914,False
2019-07-19,19103.31236033347,-19103.31236033347,1035050.9324285914,False
2019-07-22,-63841.9174037974,63841.9174037974,1035050.9324285914,False
2019-07-23,44378.51164186103,-44378.51164186103,1035050.9324285914,False
2019-07-24,-139881.72645795823,139881.72645795823,1035050.9324285914,False
2019-07-25,-297740.6358347451,297740.6358347451,1035050.9324285914,False
2019-07-26,78425.42733841663,-78425.42733841663,1035050.9324285914,False
2019-07-29,27679.240276919925,-27679.240276919925,1035050.9324285914,False
2019-07-30,-47785.66352235559,47785.66352235559,1035050.9324285914,False
2019-07-31,-385355.65016396716,385355.65016396716,1035050.9324285914,False
2019-08-01,-263826.2052595803,263826.2052595803,1035050.9324285914,False
2019-08-02,216643.9028773498,-216643.9028773498,1035050.9324285914,False
2019-08-05,-441353.0666900033,441353.0666900033,1035050.9324285914,False
2019-08-06,744001.5381805144,-744001.5381805144,1035050.9324285914,False
2019-08-07,406912.2585991008,-406912.2585991008,1035050.9324285914,False
2019-08-08,296374.2417528215,-296374.2417528215,1035050.9324285914,False
2019-08-09,-205951.6544490014,205951.6544490014,1035050.9324285914,False
2019-08-12,-258810.7297819125,258810.7297819125,1035050.9324285914,False
2019-08-13,450140.5609211567,-450140.5609211567,1035050.9324285914,False
2019-08-14,-767320.9435254941,767320.9435254941,1035050.9324285914,False
2019-08-15,239781.594925631,-239781.594925631,1035050.9324285914,False
2019-08-16,298943.9468437244,-298943.9468437244,1035050.9324285914,False
2019-08-19,91294.84134046297,-91294.84134046297,1035050.9324285914,False
2019-08-20,-141331.8150871251,141331.8150871251,1035050.9324285914,False
2019-08-21,335731.74491604016,-335731.74491604016,1035050.9324285914,False
2019-08-22,-126426.27680408912,126426.27680408912,1035050.9324285914,False
2019-08-23,-246231.61178519702,246231.61178519702,1035050.9324285914,False
2019-08-26,437802.74213702505,-437802.74213702505,1035050.9324285914,False
2019-08-27,15920.501799590624,-15920.501799590624,1035050.9324285914,False
2019-08-28,404116.8689020647,-404116.8689020647,1035050.9324285914,False
2019-08-29,143898.6843948242,-143898.6843948242,1035050.9324285914,False
2019-08-30,-62728.21093295355,62728.21093295355,1035050.9324285914,False
2019-09-03,-280117.0229414607,280117.0229414607,1035050.9324285914,False
2019-09-04,408393.5933364696,-408393.5933364696,1035050.9324285914,False
2019-09-05,133094.60940521426,-133094.60940521426,1035050.9324285914,False
2019-09-06,100236.95404230205,-100236.95404230205,1035050.9324285914,False
2019-09-09,-230590.65455250826,230590.65455250826,1035050.9324285914,False
2019-09-10,-122942.51484987806,122942.51484987806,1035050.9324285914,False
2019-09-11,271530.92935221497,-271530.92935221497,1035050.9324285914,False
2019-09-12,-126427.41716451854,126427.41716451854,1035050.9324285914,False
2019-09-13,-233479.09965634125,233479.09965634125,1035050.9324285914,False
2019-09-16,275735.2340606867,-275735.2340606867,1035050.9324285914,False
2019-09-17,-56982.676065250314,56982.676065250314,1035050.9324285914,False
2019-09-18,320680.4290763504,-320680.4290763504,1035050.9324285914,False
2019-09-19,-233015.45085643415,233015.45085643415,1035050.9324285914,False
2019-09-20,6210.684245257493,-6210.684245257493,1035050.9324285914,False
2019-09-23,203474.16971964348,-203474.16971964348,1035050.9324285914,False
2019-09-24,5449.455064390786,-5449.455064390786,1035050.9324285914,False
2019-09-25,-216150.92779296188,216150.92779296188,1035050.9324285914,False
2019-09-26,-173970.02969863848,173970.02969863848,1035050.9324285914,False
2019-09-27,-228255.81051983844,228255.81051983844,1035050.9324285914,False
2019-09-30,-203170.21959079083,203170.21959079083,1035050.9324285914,False
2019-10-01,-283745.6981364916,283745.6981364916,1035050.9324285914,False
2019-10-02,-273057.4425468096,273057.4425468096,1035050.9324285914,False
2019-10-03,438061.84048755583,-438061.84048755583,1035050.9324285914,False
2019-10-04,592327.5344880059,-592327.5344880059,1035050.9324285914,False
2019-10-07,-290309.74480908853,290309.74480908853,1035050.9324285914,False
2019-10-08,-444642.7665955138,444642.7665955138,1035050.9324285914,False
2019-10-09,125377.84009113762,-125377.84009113762,1035050.9324285914,False
2019-10-10,-39527.79750219738,39527.79750219738,928397.531832256,False
2019-10-11,288167.7980819036,-288167.7980819036,928397.531832256,False
2019-10-14,284513.02934607124,-284513.02934607124,928397.531832256,False
2019-10-15,66090.90394225856,-66090.90394225856,928397.531832256,False
2019-10-16,262544.1342295298,-262544.1342295298,928397.531832256,False
2019-10-17,173691.75728312312,-173691.75728312312,928397.531832256,False
2019-10-18,-218335.55808520754,218335.55808520754,928397.531832256,False
2019-10-21,-19647.09769249118,19647.09769249118,928397.531832256,False
2019-10-22,49974.957968297866,-49974.957968297866,928397.531832256,False
2019-10-23,57102.35005258856,-57102.35005258856,928397.531832256,False
2019-10-24,70924.37167353471,-70924.37167353471,928397.531832256,False
2019-10-25,3130.9364925841073,-3130.9364925841073,928397.531832256,False
2019-10-28,-95051.05777924073,95051.05777924073,928397.531832256,False
2019-10-29,36464.18291294473,-36464.18291294473,928397.531832256,False
2019-10-30,340629.24869582185,-340629.24869582185,928397.531832256,False
2019-10-31,366878.17406221904,-366878.17406221904,928397.531832256,False
2019-11-01,298274.9590003469,-298274.9590003469,928397.531832256,False
2019-11-04,18240.981749842467,-18240.981749842467,928397.531832256,False
2019-11-05,-535271.650905022,535271.650905022,928397.531832256,False
2019-11-06,117756.39644284574,-117756.39644284574,928397.531832256,False
2019-11-07,-335561.4740087332,335561.4740087332,928397.531832256,False
2019-11-08,-189288.25350641776,189288.25350641776,928397.531832256,False
2019-11-11,-55426.66287462805,55426.66287462805,928397.531832256,False
2019-11-12,122002.32139165157,-122002.32139165157,796234.3233023651,False
2019-11-13,266722.42641301913,-266722.42641301913,796234.3233023651,False
2019-11-14,242465.44726030328,-242465.44726030328,796234.3233023651,False
2019-11-15,221982.65745389296,-221982.65745389296,796234.3233023651,False
2019-11-18,234753.62485636698,-234753.62485636698,796234.3233023651,False
2019-11-19,5863.183117368353,-5863.183117368353,796234.3233023651,False
2019-11-20,-23260.022083919655,23260.022083919655,796234.3233023651,False
2019-11-21,-261914.2483329401,261914.2483329401,796234.3233023651,False
2019-11-22,103929.94903297094,-103929.94903297094,796234.3233023651,False
2019-11-25,68414.51954985035,-68414.51954985035,796234.3233023651,False
2019-11-26,179706.27056168142,-179706.27056168142,796234.3233023651,False
2019-11-27,-92161.95864802158,92161.95864802158,796234.3233023651,False
2019-11-29,-119443.93472424986,119443.93472424986,796234.3233023651,False
2019-12-02,-402780.70745527477,402780.70745527477,796234.3233023651,False
2019-12-03,258162.68284673203,-258162.68284673203,796234.3233023651,False
2019-12-04,19291.571500022488,-19291.571500022488,744645.9198953098,False
2019-12-05,108295.48338843754,-108295.48338843754,744645.9198953098,False
2019-12-06,208759.524555881,-208759.524555881,744645.9198953098,False
2019-12-09,-193723.52876299957,193723.52876299957,744645.9198953098,False
2019-12-10,4374.593348480665,-4374.593348480665,744645.9198953098,False
2019-12-11,253570.39355076657,-253570.39355076657,744645.9198953098,False
2019-12-12,111825.91306630959,-111825.91306630959,744645.9198953098,False
2019-12-13,588295.8040270931,-588295.8040270931,725783.3001891705,False
2019-12-16,-264957.13344201643,264957.13344201643,688836.8427853346,False
2019-12-17,4905.517931556025,-4905.517931556025,688836.8427853346,False
2019-12-18,-230243.59514659588,230243.59514659588,688836.8427853346,False
2019-12-19,178236.30865268613,-178236.30865268613,688836.8427853346,False
2019-12-20,2852.8705343755573,-2852.8705343755573,653616.7901414607,False
2019-12-23,61052.271044863,-61052.271044863,524953.0089806699,False
2019-12-24,-65094.14652663692,65094.14652663692,524953.0089806699,False
2019-12-26,500400.0870680419,-500400.0870680419,524953.0089806699,False
2019-12-27,183809.7340874606,-183809.7340874606,524953.0089806699,False
2019-12-30,-54154.71767810597,54154.71767810597,524953.0089806699,False
2019-12-31,135159.79554249992,-135159.79554249992,524953.0089806699,False
2020-01-02,685416.125471166,-685416.125471166,507372.534357479,False
2020-01-03,32104.049554579367,-32104.049554579367,507372.534357479,False
2020-01-06,119213.84812485671,-119213.84812485671,507372.534357479,False
2020-01-07,986.4853582730502,-986.4853582730502,507372.534357479,False
2020-01-08,-176599.87223924033,176599.87223924033,507372.534357479,False
2020-01-09,160835.05647309535,-160835.05647309535,507372.534357479,False
2020-01-10,-52652.50124727556,52652.50124727556,507372.534357479,False
2020-01-13,-51578.133820587296,51578.133820587296,507372.534357479,False
2020-01-14,46094.852115592395,-46094.852115592395,507372.534357479,False
2020-01-15,296813.87924045674,-296813.87924045674,507372.534357479,False
2020-01-16,295100.61666011665,-295100.61666011665,507372.534357479,False
2020-01-17,91717.00906916325,-91717.00906916325,507372.534357479,False
2020-01-21,-169952.57190479062,169952.57190479062,507372.534357479,False
2020-01-22,-9845.982655902193,9845.982655902193,507372.534357479,False
2020-01-23,223180.07501907268,-223180.07501907268,507372.534357479,False
2020-01-24,-87581.00287978133,87581.00287978133,507372.534357479,False
2020-01-27,-402101.56516369706,402101.56516369706,507372.534357479,False
2020-01-28,56522.56006256463,-56522.56006256463,507372.534357479,False
2020-01-29,116015.75280168308,-116015.75280168308,507372.534357479,False
2020-01-30,359962.88775405724,-359962.88775405724,507372.534357479,False
2020-01-31,-569248.1166107244,569248.1166107244,507372.534357479,True
2020-02-03,305751.20681987866,-305751.20681987866,524953.0089806699,False
2020-02-04,-148819.04421555565,148819.04421555565,524953.0089806699,False
2020-02-05,542458.8700637451,-542458.8700637451,524953.0089806699,False
2020-02-06,79950.77543826168,-79950.77543826168,524953.0089806699,False
2020-02-07,-217844.05552788987,217844.05552788987,524953.0089806699,False
2020-02-10,254162.5071334308,-254162.5071334308,524953.0089806699,False
2020-02-11,-240348.89488207534,240348.89488207534,524953.0089806699,False
2020-02-12,287291.6895020977,-287291.6895020977,524953.0089806699,False
2020-02-13,-123531.53758745852,123531.53758745852,524953.0089806699,False
2020-02-14,128380.53580354448,-128380.53580354448,524953.0089806699,False
2020-02-18,6269.8715285486105,-6269.8715285486105,524953.0089806699,False
2020-02-19,85602.19610763752,-85602.19610763752,524953.0089806699,False
2020-02-20,15580.365968580489,-15580.365968580489,524953.0089806699,False
2020-02-21,46707.5625641183,-46707.5625641183,524953.0089806699,False
2020-02-24,-607154.5132735017,607154.5132735017,524953.0089806699,True
2020-02-25,-1214445.500306571,1214445.500306571,552599.6484149299,True
2020-02-26,-53179.147506366964,53179.147506366964,588580.3789087405,False
2020-02-27,-1585230.3629761671,1585230.3629761671,588580.3789087405,True
2020-02-28,-559531.2698087301,559531.2698087301,688839.3927020163,False
2020-03-02,2184890.4691848313,-2184890.4691848313,688839.3927020163,False
2020-03-03,-228880.6731427029,228880.6731427029,688839.3927020163,False
2020-03-04,1729243.3683737402,-1729243.3683737402,688839.3927020163,False
2020-03-05,-889409.2866555994,889409.2866555994,688839.3927020163,True
2020-03-06,457567.09293718863,-457567.09293718863,829585.9985218467,False
2020-03-09,-1771341.2284086957,1771341.2284086957,829585.9985218467,True
2020-03-10,955015.6998885416,-955015.6998885416,1055177.755617592,False
2020-03-11,-2657779.04337589,2657779.04337589,1055177.755617592,True
2020-03-12,-4213034.5573521415,4213034.5573521415,1403545.7802680617,True
2020-03-13,1997160.411213899,-1997160.411213899,1680146.904346755,False
2020-03-16,-4450590.5044074515,4450590.5044074515,1680146.904346755,True
2020-03-17,1446651.1573329535,-1446651.1573329535,2223424.5140419565,False
2020-03-18,-3728133.154105236,3728133.154105236,2223424.5140419565,True
2020-03-19,203808.30297101304,-203808.30297101304,3203659.6398478467,False
2020-03-20,-1753055.1673062802,1753055.1673062802,3203659.6398478467,False
2020-03-23,393150.6722839527,-393150.6722839527,3203659.6398478467,False
2020-03-24,4849469.012878168,-4849469.012878168,3203659.6398478467,False
2020-03-25,720384.8157186421,-720384.8157186421,3203659.6398478467,False
2020-03-26,2723563.3877557786,-2723563.3877557786,3203659.6398478467,False
2020-03-27,-918305.1801757658,918305.1801757658,3203659.6398478467,False
2020-03-30,1668513.1272936729,-1668513.1272936729,3203659.6398478467,False
2020-03-31,-1330927.4302324827,1330927.4302324827,3203659.6398478467,False
2020-04-01,-1422946.1587248377,1422946.1587248377,3203659.6398478467,False
2020-04-02,1103436.3866536333,-1103436.3866536333,3203659.6398478467,False
2020-04-03,-600951.8396017427,600951.8396017427,3203659.6398478467,False
2020-04-06,2665790.043499648,-2665790.043499648,3203659.6398478467,False
2020-04-07,-287814.5409064961,287814.5409064961,3203659.6398478467,False
2020-04-08,1388565.5956498422,-1388565.5956498422,3203659.6398478467,False
2020-04-09,1138907.7220747543,-1138907.7220747543,3203659.6398478467,False
2020-04-13,-278683.05389409437,278683.05389409437,3203659.6398478467,False
2020-04-14,963494.5659631569,-963494.5659631569,3203659.6398478467,False
2020-04-15,-422846.03911893856,422846.03911893856,3203659.6398478467,False
2020-04-16,-165738.77280597202,165738.77280597202,3203659.6398478467,False
2020-04-17,550952.1207449444,-550952.1207449444,3203659.6398478467,False
2020-04-20,-658080.9350415457,658080.9350415457,3203659.6398478467,False
2020-04-21,-1043129.9100991584,1043129.9100991584,3203659.6398478467,False
2020-04-22,893854.9583951238,-893854.9583951238,3203659.6398478467,False
2020-04-23,49296.40759681664,-49296.40759681664,3203659.6398478467,False
2020-04-24,306353.62851538375,-306353.62851538375,3203659.6398478467,False
2020-04-27,376178.19755674805,-376178.19755674805,3203659.6398478467,False
2020-04-28,103120.93420061341,-103120.93420061341,3203659.6398478467,False
2020-04-29,700887.4640731496,-700887.4640731496,3203659.6398478467,False
2020-04-30,-464000.1398461527,464000.1398461527,3203659.6398478467,False
2020-05-01,-639271.4177196012,639271.4177196012,3203659.6398478467,False
2020-05-04,87192.35295859523,-87192.35295859523,3203659.6398478467,False
2020-05-05,15905.228755516699,-15905.228755516699,3203659.6398478467,False
2020-05-06,-753736.7773112871,753736.7773112871,3203659.6398478467,False
2020-05-07,678683.458135538,-678683.458135538,3203659.6398478467,False
2020-05-08,547392.1555725062,-547392.1555725062,3203659.6398478467,False
2020-05-11,-356680.9334782142,356680.9334782142,3203659.6398478467,False
2020-05-12,-584981.8507328776,584981.8507328776,3203659.6398478467,False
2020-05-13,-597967.1076063812,597967.1076063812,3203659.6398478467,False
2020-05-14,801915.1759864535,-801915.1759864535,3203659.6398478467,False
2020-05-15,130600.30293293028,-130600.30293293028,3203659.6398478467,False
2020-05-18,807741.5781057982,-807741.5781057982,3203659.6398478467,False
2020-05-19,-97700.09756681217,97700.09756681217,3203659.6398478467,False
2020-05-20,735845.9111084164,-735845.9111084164,3203659.6398478467,False
2020-05-21,-310206.2740412989,310206.2740412989,3203659.6398478467,False
2020-05-22,94045.25057792489,-94045.25057792489,3203659.6398478467,False
2020-05-26,288655.2072597127,-288655.2072597127,3203659.6398478467,False
2020-05-27,1122709.587456583,-1122709.587456583,3203659.6398478467,False
2020-05-28,-231443.8188403428,231443.8188403428,3203659.6398478467,False
2020-05-29,483175.60680370627,-483175.60680370627,3203659.6398478467,False
2020-06-01,193626.86650785053,-193626.86650785053,3203659.6398478467,False
2020-06-02,339097.1888877853,-339097.1888877853,3203659.6398478467,False
2020-06-03,464634.79466684617,-464634.79466684617,3203659.6398478467,False
2020-06-04,134054.32618600669,-134054.32618600669,3203659.6398478467,False
2020-06-05,730183.1774647876,-730183.1774647876,3203659.6398478467,False
2020-06-08,904548.1707857405,-904548.1707857405,3203659.6398478467,False
2020-06-09,-116304.87289771202,116304.87289771202,3203659.6398478467,False
2020-06-10,-144902.97263920426,144902.97263920426,3203659.6398478467,False
2020-06-11,-1954904.1893751486,1954904.1893751486,3203659.6398478467,False
2020-06-12,285601.5304983635,-285601.5304983635,3203659.6398478467,False
2020-06-15,12031.701982133942,-12031.701982133942,3203659.6398478467,False
2020-06-16,917778.2183541256,-917778.2183541256,3203659.6398478467,False
2020-06-17,-341727.10288926074,341727.10288926074,3203659.6398478467,False
2020-06-18,-59868.83346089072,59868.83346089072,3203659.6398478467,False
2020-06-19,-261298.11115601112,261298.11115601112,3203659.6398478467,False
2020-06-22,160508.0721537969,-160508.0721537969,3203659.6398478467,False
2020-06-23,602579.7559443022,-602579.7559443022,3203659.6398478467,False
2020-06-24,-865971.201338755,865971.201338755,3203659.6398478467,False
2020-06-25,208470.1020360763,-208470.1020360763,3203659.6398478467,False
2020-06-26,-850823.516645518,850823.516645518,3203659.6398478467,False
2020-06-29,771637.1154480862,-771637.1154480862,3203659.6398478467,False
2020-06-30,420453.57423319685,-420453.57423319685,3203659.6398478467,False
2020-07-01,-299986.0937901342,299986.0937901342,3203659.6398478467,False
2020-07-02,337556.86965073727,-337556.86965073727,3203659.6398478467,False
2020-07-06,624973.2984787539,-624973.2984787539,3203659.6398478467,False
2020-07-07,-179119.49570697092,179119.49570697092,3203659.6398478467,False
2020-07-08,297098.56959136226,-297098.56959136226,3203659.6398478467,False
2020-07-09,-329505.24117562105,329505.24117562105,3203659.6398478467,False
2020-07-10,327269.0631205882,-327269.0631205882,3203659.6398478467,False
2020-07-13,160593.41237497778,-160593.41237497778,3203659.6398478467,False
2020-07-14,807955.0284250744,-807955.0284250744,3203659.6398478467,False
2020-07-15,397898.8342871794,-397898.8342871794,3203659.6398478467,False
2020-07-16,-208501.73830080536,208501.73830080536,3203659.6398478467,False
2020-07-17,-111314.3524027016,111314.3524027016,3203659.6398478467,False
2020-07-20,193839.23536350104,-193839.23536350104,3203659.6398478467,False
2020-07-21,561024.9068392628,-561024.9068392628,3203659.6398478467,False
2020-07-22,607801.4580043012,-607801.4580043012,3203659.6398478467,False
2020-07-23,-164580.49213447043,164580.49213447043,3203659.6398478467,False
2020-07-24,-144508.92596578086,144508.92596578086,3203659.6398478467,False
2020-07-27,517698.37840144214,-517698.37840144214,3203659.6398478467,False
2020-07-28,178435.88629523176,-178435.88629523176,3203659.6398478467,False
2020-07-29,226957.4410622749,-226957.4410622749,3203659.6398478467,False
2020-07-30,-134837.42409803462,134837.42409803462,3203659.6398478467,False
2020-07-31,579166.4901516272,-579166.4901516272,3203659.6398478467,False
2020-08-03,105790.08936386804,-105790.08936386804,3203659.6398478467,False
2020-08-04,554118.6355625036,-554118.6355625036,3203659.6398478467,False
2020-08-05,734555.6042953695,-734555.6042953695,3203659.6398478467,False
2020-08-06,536298.7993992338,-536298.7993992338,3203659.6398478467,False
2020-08-07,-294846.1309518879,294846.1309518879,3203659.6398478467,False
2020-08-10,311323.89139363036,-311323.89139363036,3203659.6398478467,False
2020-08-11,-1079071.6684497886,1079071.6684497886,3203659.6398478467,False
2020-08-12,332776.2397238243,-332776.2397238243,3203659.6398478467,False
2020-08-13,48598.13877720527,-48598.13877720527,3203659.6398478467,False
2020-08-14,-33855.735389548296,33855.735389548296,3203659.6398478467,False
2020-08-17,417276.55698915146,-417276.55698915146,3203659.6398478467,False
2020-08-18,99372.45735438305,-99372.45735438305,3203659.6398478467,False
2020-08-19,-195044.56424550782,195044.56424550782,3203659.6398478467,False
2020-08-20,-335955.4008656699,335955.4008656699,3203659.6398478467,False
2020-08-21,390485.6554178438,-390485.6554178438,3203659.6398478467,False
2020-08-24,182021.17181783382,-182021.17181783382,3203659.6398478467,False
2020-08-25,-310580.9741466931,310580.9741466931,3203659.6398478467,False
2020-08-26,447476.5149541402,-447476.5149541402,3203659.6398478467,False
2020-08-27,-31815.46625818155,31815.46625818155,3203659.6398478467,False
2020-08-28,522697.66421572916,-522697.66421572916,3203659.6398478467,False
2020-08-31,123517.24223725434,-123517.24223725434,3203659.6398478467,False
2020-09-01,364489.1492818736,-364489.1492818736,3203659.6398478467,False
2020-09-02,349276.0379118551,-349276.0379118551,3203659.6398478467,False
2020-09-03,-1115065.771527561,1115065.771527561,3203659.6398478467,False
2020-09-04,-551984.4979224459,551984.4979224459,3203659.6398478467,False
2020-09-08,-729138.2686434796,729138.2686434796,3203659.6398478467,False
2020-09-09,367373.27309243113,-367373.27309243113,3203659.6398478467,False
2020-09-10,-305089.9341534965,305089.9341534965,3203659.6398478467,False
2020-09-11,-35729.97225514404,35729.97225514404,3203659.6398478467,False
2020-09-14,559353.5113253728,-559353.5113253728,3203659.6398478467,False
2020-09-15,86586.43405731636,-86586.43405731636,3203659.6398478467,False
2020-09-16,39315.04979085455,-39315.04979085455,3203659.6398478467,False
2020-09-17,-320913.93295306165,320913.93295306165,3203659.6398478467,False
2020-09-18,-149619.74743877977,149619.74743877977,3203659.6398478467,False
2020-09-21,-1015173.5466493068,1015173.5466493068,3203659.6398478467,False
2020-09-22,-40190.6032440555,40190.6032440555,3203659.6398478467,False
2020-09-23,-1171213.372003782,1171213.372003782,3203659.6398478467,False
2020-09-24,56265.098910665554,-56265.098910665554,3203659.6398478467,False
2020-09-25,455812.4603953814,-455812.4603953814,3203659.6398478467,False
2020-09-28,582864.1687472436,-582864.1687472436,3203659.6398478467,False
2020-09-29,209135.74107327635,-209135.74107327635,3203659.6398478467,False
2020-09-30,388879.6157414825,-388879.6157414825,3203659.6398478467,False
2020-10-01,222822.13495321665,-222822.13495321665,3203659.6398478467,False
2020-10-02,-273032.6962752,273032.6962752,3203659.6398478467,False
2020-10-05,513404.71386200737,-513404.71386200737,3203659.6398478467,False
2020-10-06,-335967.0145890592,335967.0145890592,3203659.6398478467,False
2020-10-07,246976.3694189405,-246976.3694189405,3203659.6398478467,False
2020-10-08,317323.8989476646,-317323.8989476646,3203659.6398478467,False
2020-10-09,436168.0185728284,-436168.0185728284,3203659.6398478467,False
2020-10-12,481367.7501544395,-481367.7501544395,3203659.6398478467,False
2020-10-13,-307294.52619291167,307294.52619291167,3203659.6398478467,False
2020-10-14,-313695.7868069093,313695.7868069093,3203659.6398478467,False
2020-10-15,31120.87909583589,-31120.87909583589,3203659.6398478467,False
2020-10-16,-61256.78809451389,61256.78809451389,3203659.6398478467,False
2020-10-19,-465507.2463156093,465507.2463156093,3203659.6398478467,False
2020-10-20,188921.61286307778,-188921.61286307778,3203659.6398478467,False
2020-10-21,50391.751296919305,-50391.751296919305,3203659.6398478467,False
2020-10-22,104451.4426240184,-104451.4426240184,3203659.6398478467,False
2020-10-23,-116982.658522036,116982.658522036,3203659.6398478467,False
2020-10-26,-659317.5725490366,659317.5725490366,3203659.6398478467,False
2020-10-27,-271011.693187326,271011.693187326,3203659.6398478467,False
2020-10-28,-1495826.2523820312,1495826.2523820312,3203659.6398478467,False
2020-10-29,-127718.74028264433,127718.74028264433,3203659.6398478467,False
2020-10-30,-338223.63895620295,338223.63895620295,3203659.6398478467,False
2020-11-02,623378.90250411,-623378.90250411,3203659.6398478467,False
2020-11-03,781938.7217542047,-781938.7217542047,3203659.6398478467,False
2020-11-04,1001602.6611564762,-1001602.6611564762,3203659.6398478467,False
2020-11-05,895830.215594352,-895830.215594352,3203659.6398478467,False
2020-11-06,123761.58685054566,-123761.58685054566,3203659.6398478467,False
2020-11-09,98383.72304934857,-98383.72304934857,3203659.6398478467,False
2020-11-10,340988.2959917338,-340988.2959917338,3203659.6398478467,False
2020-11-11,-53954.02744854172,53954.02744854172,3203659.6398478467,False
2020-11-12,-194176.12713909347,194176.12713909347,3203659.6398478467,False
2020-11-13,527845.5026318841,-527845.5026318841,3203659.6398478467,False
2020-11-16,685598.5257093242,-685598.5257093242,3203659.6398478467,False
2020-11-17,-108119.87947601131,108119.87947601131,3203659.6398478467,False
2020-11-18,-481485.90738321,481485.90738321,3203659.6398478467,False
2020-11-19,-5238.773576631822,5238.773576631822,3203659.6398478467,False
2020-11-20,-80577.26820624754,80577.26820624754,3203659.6398478467,False
2020-11-23,85557.20609098318,-85557.20609098318,3203659.6398478467,False
2020-11-24,185558.32379798713,-185558.32379798713,3203659.6398478467,False
2020-11-25,-61483.1720671405,61483.1720671405,3203659.6398478467,False
2020-11-27,63626.72024666672,-63626.72024666672,3203659.6398478467,False
2020-11-30,-407088.3066018655,407088.3066018655,3203659.6398478467,False
2020-12-01,266791.7187709851,-266791.7187709851,3203659.6398478467,False
2020-12-02,423502.1741362452,-423502.1741362452,3203659.6398478467,False
2020-12-03,290780.2244209698,-290780.2244209698,3203659.6398478467,False
2020-12-04,274640.82184572914,-274640.82184572914,3203659.6398478467,False
2020-12-07,72740.82265677162,-72740.82265677162,3203659.6398478467,False
2020-12-08,173247.33984573875,-173247.33984573875,3203659.6398478467,False
2020-12-09,-478689.63520385465,478689.63520385465,3203659.6398478467,False
2020-12-10,-58728.50434312405,58728.50434312405,3203659.6398478467,False
2020-12-11,205172.94888675012,-205172.94888675012,3203659.6398478467,False
2020-12-14,-312386.98728984024,312386.98728984024,3203659.6398478467,False
2020-12-15,548096.0362642264,-548096.0362642264,3203659.6398478467,False
2020-12-16,79381.56993637508,-79381.56993637508,3203659.6398478467,False
2020-12-17,518659.5659814491,-518659.5659814491,3203659.6398478467,False
2020-12-18,-47613.12333694394,47613.12333694394,3203659.6398478467,False
2020-12-21,-191286.33005618094,191286.33005618094,3203659.6398478467,False
2020-12-22,-205628.7269095658,205628.7269095658,3203659.6398478467,False
2020-12-23,-13741.565911883357,13741.565911883357,3203659.6398478467,False
2020-12-24,307546.8640388812,-307546.8640388812,3203659.6398478467,False
2020-12-28,243828.77746308234,-243828.77746308234,3203659.6398478467,False
2020-12-29,-112253.90633494314,112253.90633494314,3203659.6398478467,False
2020-12-30,272261.64910556766,-272261.64910556766,3203659.6398478467,False
2020-12-31,439556.6274471654,-439556.6274471654,3203659.6398478467,False
2021-01-04,-69449.92470855505,69449.92470855505,3203659.6398478467,False
2021-01-05,80703.54308300138,-80703.54308300138,3203659.6398478467,False
2021-01-06,55954.40794979848,-55954.40794979848,3203659.6398478467,False
2021-01-07,273348.43323806097,-273348.43323806097,3203659.6398478467,False
2021-01-08,-788118.285144549,788118.285144549,3203659.6398478467,False
2021-01-11,-219548.95109006832,219548.95109006832,3203659.6398478467,False
2021-01-12,-36724.90148938834,36724.90148938834,3203659.6398478467,False
2021-01-13,390467.4001171188,-390467.4001171188,3203659.6398478467,False
2021-01-14,-299984.8502266328,299984.8502266328,3203659.6398478467,False
2021-01-15,-295846.77767647844,295846.77767647844,3203659.6398478467,False
2021-01-19,44324.46091028664,-44324.46091028664,3203659.6398478467,False
2021-01-20,661124.9678231906,-661124.9678231906,3203659.6398478467,False
2021-01-21,-86509.42271564933,86509.42271564933,3203659.6398478467,False
2021-01-22,-106023.57440900934,106023.57440900934,3203659.6398478467,False
2021-01-25,54345.74191262643,-54345.74191262643,3203659.6398478467,False
2021-01-26,-104296.23940730715,104296.23940730715,3203659.6398478467,False
2021-01-27,-625076.6038056866,625076.6038056866,3203659.6398478467,False
2021-01-28,33811.17368338235,-33811.17368338235,3203659.6398478467,False
2021-01-29,-657449.0242238801,657449.0242238801,3203659.6398478467,False
2021-02-01,404208.0379105828,-404208.0379105828,3203659.6398478467,False
2021-02-02,236077.98693870084,-236077.98693870084,3203659.6398478467,False
2021-02-03,-114939.99092154094,114939.99092154094,3203659.6398478467,False
2021-02-04,-62658.94874876774,62658.94874876774,3203659.6398478467,False
2021-02-05,106300.94316386673,-106300.94316386673,3203659.6398478467,False
2021-02-08,648947.7780270686,-648947.7780270686,3203659.6398478467,False
2021-02-09,37660.8834096076,-37660.8834096076,3203659.6398478467,False
2021-02-10,334331.31198252866,-334331.31198252866,3203659.6398478467,False
2021-02-11,-185846.3345790956,185846.3345790956,3203659.6398478467,False
2021-02-12,-99755.72482033068,99755.72482033068,3203659.6398478467,False
2021-02-16,-300795.8549061391,300795.8549061391,3203659.6398478467,False
2021-02-17,-207956.08067118053,207956.08067118053,3203659.6398478467,False
2021-02-18,-166639.3506371938,166639.3506371938,3203659.6398478467,False
2021-02-19,22270.316927278094,-22270.316927278094,3203659.6398478467,False
2021-02-22,330983.5414355339,-330983.5414355339,3203659.6398478467,False
2021-02-23,114424.03030324842,-114424.03030324842,3203659.6398478467,False
2021-02-24,347281.6008874874,-347281.6008874874,3203659.6398478467,False
2021-02-25,-1068166.7700262386,1068166.7700262386,3203659.6398478467,False
2021-02-26,-886880.1483461336,886880.1483461336,3203659.6398478467,False
2021-03-01,528727.765673816,-528727.765673816,3203659.6398478467,False
2021-03-02,-85290.80783866273,85290.80783866273,3203659.6398478467,False
2021-03-03,-352573.9448298126,352573.9448298126,3203659.6398478467,False
2021-03-04,-797090.8906487245,797090.8906487245,3203659.6398478467,False
2021-03-05,459653.1178963548,-459653.1178963548,3203659.6398478467,False
2021-03-08,-43109.67815355558,43109.67815355558,3203659.6398478467,False
2021-03-09,360391.0740363986,-360391.0740363986,3203659.6398478467,False
2021-03-10,804826.1420851762,-804826.1420851762,2859250.961387477,False
2021-03-11,160167.31321622402,-160167.31321622402,1855998.1685614013,False
2021-03-12,214045.17148924991,-214045.17148924991,1855998.1685614013,False
2021-03-15,344774.30094198347,-344774.30094198347,1627012.9989933958,False
2021-03-16,-161756.3491006291,161756.3491006291,1627012.9989933958,False
2021-03-17,-84036.9373198052,84036.9373198052,1460115.0064900056,False
2021-03-18,-148522.48686180625,148522.48686180625,1460115.0064900056,False
2021-03-19,-319883.8952029032,319883.8952029032,1377856.981763583,False
2021-03-22,74922.304696578,-74922.304696578,1377856.981763583,False
2021-03-23,-221635.7316025424,221635.7316025424,1377856.981763583,False
2021-03-24,-123827.93461654996,123827.93461654996,1377856.981763583,False
2021-03-25,70571.73978382954,-70571.73978382954,1377856.981763583,False
2021-03-26,417851.39485288167,-417851.39485288167,1377856.981763583,False
2021-03-29,-222327.2106566071,222327.2106566071,1377856.981763583,False
2021-03-30,-361009.6783268118,361009.6783268118,1299597.093231518,False
2021-03-31,25759.099540256764,-25759.099540256764,1143701.0477704331,False
2021-04-01,497721.31602522417,-497721.31602522417,1143701.0477704331,False
2021-04-05,395800.1402745115,-395800.1402745115,1143701.0477704331,False
2021-04-06,331417.89162376756,-331417.89162376756,1143701.0477704331,False
2021-04-07,45632.00036776905,-45632.00036776905,1143701.0477704331,False
2021-04-08,193527.3933206688,-193527.3933206688,1143701.0477704331,False
2021-04-09,173497.28703715152,-173497.28703715152,1143701.0477704331,False
2021-04-12,-224966.51151635125,224966.51151635125,1143701.0477704331,False
2021-04-13,243462.22774855985,-243462.22774855985,1143701.0477704331,False
2021-04-14,-9015.83696042707,9015.83696042707,1143701.0477704331,False
2021-04-15,917629.9181233643,-917629.9181233643,1143701.0477704331,False
2021-04-16,158392.68713747023,-158392.68713747023,1143701.0477704331,False
2021-04-19,-257932.64239734883,257932.64239734883,1143701.0477704331,False
2021-04-20,155568.67341958877,-155568.67341958877,1143701.0477704331,False
2021-04-21,387731.45162919466,-387731.45162919466,1143701.0477704331,False
2021-04-22,-392478.280175625,392478.280175625,1143701.0477704331,False
2021-04-23,63442.53911673317,-63442.53911673317,1143701.0477704331,False
2021-04-26,69093.84686421492,-69093.84686421492,1143701.0477704331,False
2021-04-27,-106317.39178849742,106317.39178849742,1143701.0477704331,False
2021-04-28,-185959.86382534844,185959.86382534844,1143701.0477704331,False
2021-04-29,269422.3876597146,-269422.3876597146,1143701.0477704331,False
2021-04-30,-192612.5530556916,192612.5530556916,1143701.0477704331,False
